aa,3.253,2.004,0
aa,3.253,2.08,1
aa,3.253,2.108,2
aa,4.248,2.179,3
aa,4.248,2.141,4
aa,4.248,2.425,5
aa,4.248,2.337,6
aa,4.248,2.33,7
aa,4.717,2.399,8
aa,4.717,2.417,9
aa,4.729,2.574,10
aa,4.729,2.362,11
aa,4.729,2.713,12
aa,6.274,2.844,13
aa,6.274,2.41,14
aa,6.344,2.584,15
aa,6.344,2.726,16
aa,6.344,2.714,17
aa,7.181,3.01,18
aa,7.181,2.388,19
aa,7.181,2.28,20
aa,7.181,2.658,21
aa,7.181,2.748,22
aa,7.42,2.782,23
aa,7.42,3.409,24
aa,7.42,2.959,25
aa,7.42,3.409,26
aa,7.42,3.177,27
aa,7.42,3.018,28
aa,7.42,3.311,29
aa,7.42,3.215,30
aa,7.441,4.138,31
aa,7.441,2.688,32
aa,7.441,2.83,33
aa,7.441,2.825,34
aa,7.441,3.17,35
aa,7.509,3.144,36
aa,7.509,2.883,37
aa,7.509,2.86,38
aa,7.509,3.037,39
aa,7.525,4.158,40
aa,7.525,3.34,41
aa,7.525,2.827,42
aa,7.525,2.806,43
aa,7.525,3.518,44
aa,7.525,3.142,45
aa,7.525,3.224,46
aa,7.525,3.325,47
aa,9.255,4.117,48
aa,9.255,3.559,49
aa,9.255,3.999,50
aa,9.255,4.013,51
aa,9.814,2.647,52
aa,9.814,3.926,53
aa,9.814,3.427,54
aa,9.814,4.94,55
aa,9.814,2.743,56
aa,9.814,2.885,57
aa,9.814,3.081,58
aa,9.814,3.981,59
aa,9.814,3.637,60
aa,9.814,3.679,61
aa,9.814,3.953,62
aa,9.814,4.198,63
aa,9.814,2.992,64
aa,9.814,4.236,65
aa,9.814,2.962,66
aa,9.814,3.402,67
aa,9.814,3.58,68
aa,9.814,2.773,69
aa,9.814,3.413,70
aa,9.814,4.175,71
aa,9.814,3.278,72
aa,9.814,3.291,73
aa,9.814,4.093,74
aa,9.814,3.055,75
aa,9.814,3.455,76
aa,9.814,3.07,77
aa,9.814,3.072,78
aa,9.814,3.117,79
aa,9.814,3.329,80
aa,9.814,3.394,81
aa,9.814,3.936,82
aa,9.814,4.223,83
aa,9.814,4.735,84
aa,9.814,4.435,85
aa,9.814,4.08,86
aa,9.814,4.06,87
aa,9.814,4.052,88
aa,9.814,4.31,89
aa,9.814,3.529,90
aa,9.814,4.36,91
aa,9.814,2.9,92
aa,9.814,2.918,93
aa,9.814,3.821,94
aa,9.814,3.562,95
aa,9.814,3.596,96
aa,9.814,4.499,97
aa,9.814,3.198,98
aa,9.814,3.601,99
ab,2.637,2.043,0
ab,3.058,1.951,1
ab,5.04,2.256,2
ab,5.04,2.259,3
ab,5.04,1.93,4
ab,5.04,2.19,5
ab,5.04,2.277,6
ab,5.04,1.976,7
ab,5.174,2.171,8
ab,9.426,2.677,9
ab,9.426,2.686,10
ab,9.426,3.214,11
ab,9.426,3.138,12
ab,9.426,2.782,13
ab,9.426,3.034,14
ab,9.426,3.263,15
ab,9.426,3.227,16
ab,9.426,3.174,17
ab,9.426,2.73,18
ab,9.426,2.311,19
ab,9.426,2.491,20
ab,9.426,2.858,21
ab,9.426,2.376,22
ab,9.426,3.001,23
ab,9.426,3.178,24
ab,9.426,2.792,25
ab,9.426,2.803,26
ab,9.426,2.513,27
ab,9.426,2.629,28
ab,9.426,2.721,29
ab,9.426,2.598,30
ab,9.426,2.754,31
ab,9.426,3.276,32
ab,9.426,2.747,33
ab,9.426,2.731,34
ab,9.426,2.792,35
ab,9.426,2.661,36
ab,9.426,2.691,37
ab,9.426,3.115,38
ab,9.426,3.295,39
ab,9.426,2.854,40
ab,9.426,2.566,41
ab,9.426,2.57,42
ab,9.426,2.701,43
ab,9.426,2.654,44
ab,9.426,2.73,45
ab,9.426,2.932,46
ab,9.426,2.993,47
ab,9.426,2.878,48
ab,9.426,2.951,49
ab,9.426,2.827,50
ab,9.426,2.947,51
ab,9.426,2.363,52
ab,9.426,3.321,53
ab,9.426,2.971,54
ab,9.426,2.605,55
ab,9.426,2.602,56
ab,9.426,2.694,57
ab,9.426,2.878,58
ab,9.426,2.777,59
ab,9.426,3.202,60
ab,9.426,3.224,61
ab,9.426,3.291,62
ab,9.426,2.681,63
ab,9.426,3.157,64
ab,9.426,2.679,65
ab,9.426,2.568,66
ab,9.426,2.467,67
ab,9.426,2.832,68
ab,9.426,2.737,69
ab,9.426,2.826,70
ab,9.426,3.059,71
ab,9.426,3.11,72
ab,9.426,2.544,73
ab,9.426,2.762,74
ab,9.426,2.629,75
ab,9.426,2.565,76
ab,9.426,2.601,77
ab,9.426,3.457,78
ab,9.426,2.879,79
ab,9.426,3.017,80
ab,9.426,3.051,81
ab,9.426,2.689,82
ab,9.426,2.475,83
ab,9.426,2.678,84
ab,9.426,2.742,85
ab,9.426,2.894,86
ab,9.426,2.783,87
ab,9.426,2.582,88
ab,9.426,2.515,89
ab,9.426,2.85,90
ab,9.426,2.969,91
ab,9.426,2.523,92
ab,9.426,3.047,93
ab,9.426,2.483,94
ab,9.426,2.959,95
ab,9.426,3.302,96
ab,9.426,3.137,97
ab,9.426,2.947,98
ab,9.426,2.845,99
aa,3.724,2.247,0
aa,3.724,2.015,1
aa,3.724,1.678,2
aa,5.277,2.384,3
aa,5.277,2.176,4
aa,5.277,2.481,5
aa,5.277,2.45,6
aa,5.277,2.275,7
aa,6.633,2.16,8
aa,7.469,2.613,9
aa,7.469,2.33,10
aa,7.609,2.718,11
aa,7.609,2.541,12
aa,7.609,2.579,13
aa,7.609,2.784,14
aa,7.609,2.288,15
aa,7.609,2.454,16
aa,7.609,2.212,17
aa,7.609,2.395,18
aa,7.609,2.31,19
aa,7.609,2.479,20
aa,7.609,2.687,21
aa,7.609,2.453,22
aa,7.609,2.704,23
aa,7.609,2.389,24
aa,7.609,2.37,25
aa,7.609,1.961,26
aa,7.609,2.407,27
aa,7.609,2.149,28
aa,7.609,2.111,29
aa,7.609,2.079,30
aa,7.609,2.186,31
aa,7.609,2.235,32
aa,7.609,2.071,33
aa,7.609,2.075,34
aa,7.609,2.383,35
aa,7.609,2.289,36
aa,7.609,2.145,37
aa,7.609,2.479,38
aa,7.609,2.169,39
aa,7.609,2.346,40
aa,7.609,2.666,41
aa,7.609,2.371,42
aa,7.609,2.555,43
aa,7.609,2.312,44
aa,7.609,2.756,45
aa,7.609,2.497,46
aa,7.609,2.29,47
aa,7.609,2.673,48
aa,7.609,2.233,49
aa,7.609,2.403,50
aa,7.609,2.171,51
aa,7.609,1.898,52
aa,7.609,2.628,53
aa,7.609,2.199,54
aa,7.609,1.898,55
aa,7.609,1.938,56
aa,7.609,2.442,57
aa,7.609,2.112,58
aa,7.609,2.453,59
aa,7.609,2.47,60
aa,7.609,1.908,61
aa,7.609,2.243,62
aa,8.189,2.73,63
aa,8.189,2.246,64
aa,8.189,2.492,65
aa,8.189,2.437,66
aa,8.189,2.474,67
aa,8.189,2.291,68
aa,8.189,2.3,69
aa,8.189,2.081,70
aa,8.189,1.938,71
aa,8.189,2.462,72
aa,8.189,2.341,73
aa,8.189,2.221,74
aa,8.189,2.121,75
aa,8.189,1.991,76
aa,8.189,2.076,77
aa,8.189,2.146,78
aa,8.189,2.755,79
aa,8.189,2.389,80
aa,8.189,1.958,81
aa,8.189,2.602,82
aa,8.189,2.484,83
aa,8.189,2.428,84
aa,8.189,2.218,85
aa,8.189,2.324,86
aa,8.189,2.728,87
aa,8.189,2.412,88
aa,8.189,2.696,89
aa,8.189,2.248,90
aa,8.189,2.462,91
aa,8.189,2.436,92
aa,8.189,2.239,93
aa,8.189,2.563,94
aa,8.189,2.843,95
aa,8.189,2.388,96
aa,8.189,2.677,97
aa,8.189,2.624,98
aa,8.189,2.368,99
ab,3.132,2.154,0
ab,3.132,2.166,1
ab,3.515,2.302,2
ab,4.396,2.012,3
ab,4.396,2.06,4
ab,4.396,2.223,5
ab,4.396,1.776,6
ab,4.396,2.115,7
ab,4.396,1.927,8
ab,4.396,1.844,9
ab,4.929,1.937,10
ab,4.929,1.719,11
ab,4.929,2.296,12
ab,4.929,1.998,13
ab,4.929,2.133,14
ab,4.929,1.927,15
ab,4.929,2.123,16
ab,5.084,2.28,17
ab,5.084,1.461,18
ab,5.361,2.046,19
ab,5.361,1.756,20
ab,5.971,2.173,21
ab,8.423,2.534,22
ab,8.423,1.897,23
ab,8.423,2.363,24
ab,8.423,2.083,25
ab,8.423,2.173,26
ab,8.423,2.665,27
ab,8.423,2.05,28
ab,8.423,2.498,29
ab,8.423,1.909,30
ab,8.423,2.863,31
ab,8.675,2.33,32
ab,8.675,2.4,33
ab,8.675,2.279,34
ab,8.675,1.992,35
ab,8.675,1.866,36
ab,8.675,2.41,37
ab,8.675,2.361,38
ab,8.675,2.725,39
ab,8.675,2.241,40
ab,8.675,2.667,41
ab,8.675,2.826,42
ab,8.675,3.191,43
ab,8.859,4.088,44
ab,8.934,3.363,45
ab,8.934,2.56,46
ab,8.934,2.497,47
ab,8.934,3.22,48
ab,8.934,2.906,49
ab,8.934,2.362,50
ab,8.934,3.131,51
ab,8.934,3.318,52
ab,8.934,3.514,53
ab,8.934,3.074,54
ab,8.934,3.013,55
ab,8.934,3.018,56
ab,9.541,3.25,57
ab,9.541,3.693,58
ab,9.541,2.785,59
ab,9.541,3.061,60
ab,9.541,2.673,61
ab,9.541,3.042,62
ab,9.541,2.704,63
ab,9.541,2.251,64
ab,9.541,3.214,65
ab,9.541,2.979,66
ab,9.541,2.835,67
ab,9.541,2.766,68
ab,9.541,3.015,69
ab,9.541,3.287,70
ab,9.796,3.488,71
ab,9.796,2.602,72
ab,9.796,2.777,73
ab,9.796,2.351,74
ab,9.796,3.301,75
ab,9.796,3.054,76
ab,9.796,2.516,77
ab,10.265,2.973,78
ab,10.265,2.665,79
ab,10.265,2.669,80
ab,10.265,3.558,81
ab,10.265,3.517,82
ab,10.265,3.609,83
ab,10.265,2.626,84
ab,10.265,2.857,85
ab,10.265,3.551,86
ab,10.265,2.545,87
ab,10.265,2.621,88
ab,10.265,2.421,89
ab,10.265,2.825,90
ab,10.265,2.774,91
ab,10.265,2.564,92
ab,10.265,2.64,93
ab,10.265,3.168,94
ab,10.265,2.915,95
ab,10.265,2.645,96
ab,10.265,2.632,97
ab,10.265,2.569,98
ab,10.265,2.294,99
ac,6.401,2.258,0
ac,6.401,2.204,1
ac,6.401,1.982,2
ac,6.401,1.732,3
ac,6.401,1.821,4
ac,6.401,2.115,5
ac,6.911,2.652,6
ac,6.911,2.993,7
ac,6.911,2.127,8
ac,6.911,2.422,9
ac,6.916,2.783,10
ac,6.916,2.404,11
ac,6.916,2.353,12
ac,6.916,2.35,13
ac,6.916,2.129,14
ac,8.013,2.879,15
ac,8.013,2.537,16
ac,8.013,2.616,17
ac,8.013,2.565,18
ac,8.013,2.441,19
ac,8.013,2.877,20
ac,8.013,2.425,21
ac,8.013,2.269,22
ac,8.013,2.468,23
ac,9.161,3.459,24
ac,9.365,3.617,25
ac,9.365,2.461,26
ac,9.567,3.105,27
ac,9.567,2.642,28
ac,9.567,3.074,29
ac,9.567,2.743,30
ac,9.567,2.497,31
ac,9.567,2.545,32
ac,9.567,2.58,33
ac,9.567,2.794,34
ac,9.567,2.517,35
ac,9.567,2.956,36
ac,9.567,2.296,37
ac,9.567,2.213,38
ac,9.567,2.842,39
ac,9.567,2.826,40
ac,9.567,2.028,41
ac,9.567,3.195,42
ac,9.567,3.516,43
ac,9.567,3.067,44
ac,9.567,3.024,45
ac,9.567,2.524,46
ac,9.567,2.974,47
ac,9.567,2.261,48
ac,9.567,2.597,49
ac,9.567,3.04,50
ac,9.567,2.814,51
ac,9.567,2.692,52
ac,9.567,2.377,53
ac,9.567,2.53,54
ac,9.567,2.298,55
ac,9.567,2.35,56
ac,9.567,2.394,57
ac,9.567,2.384,58
ac,9.567,2.189,59
ac,9.567,2.316,60
ac,9.567,2.062,61
ac,9.567,2.653,62
ac,9.567,2.801,63
ac,9.567,2.78,64
ac,9.567,2.714,65
ac,9.567,2.401,66
ac,9.567,2.549,67
ac,9.567,2.571,68
ac,9.567,2.365,69
ac,9.567,2.556,70
ac,9.567,2.23,71
ac,9.567,2.509,72
ac,9.567,2.716,73
ac,9.832,2.948,74
ac,9.832,2.192,75
ac,9.832,2.57,76
ac,9.832,2.091,77
ac,9.832,2.827,78
ac,9.832,2.433,79
ac,9.832,2.607,80
ac,9.832,2.313,81
ac,9.832,2.08,82
ac,9.832,2.53,83
ac,9.832,2.268,84
ac,9.832,2.668,85
ac,9.832,3.05,86
ac,9.832,3.081,87
ac,9.832,2.864,88
ac,9.832,3.05,89
ac,9.832,2.812,90
ac,9.832,2.899,91
ac,9.832,3.238,92
ac,9.832,3.23,93
ac,9.832,2.358,94
ac,9.832,3.018,95
ac,9.832,2.465,96
ac,9.832,3.008,97
ac,9.832,2.729,98
ac,9.832,2.615,99
ad,4.908,2.383,0
ad,4.908,1.896,1
ad,4.908,2.226,2
ad,4.908,1.575,3
ad,4.908,2.13,4
ad,4.908,2.093,5
ad,4.908,2.018,6
ad,4.908,2.17,7
ad,4.908,1.852,8
ad,4.908,2.247,9
ad,4.908,2.225,10
ad,5.91,2.451,11
ad,5.91,2.052,12
ad,5.91,2.204,13
ad,5.91,2.026,14
ad,5.91,2.098,15
ad,5.91,2.149,16
ad,5.91,2.035,17
ad,5.91,1.941,18
ad,5.91,1.984,19
ad,5.91,2.025,20
ad,5.91,2.005,21
ad,5.91,2.175,22
ad,5.91,2.253,23
ad,5.91,2.006,24
ad,5.91,2.281,25
ad,5.91,2.298,26
ad,5.91,2.377,27
ad,5.91,2.028,28
ad,5.91,2.347,29
ad,5.91,2.304,30
ad,5.91,2.296,31
ad,5.91,2.178,32
ad,5.91,2.486,33
ad,5.91,2.403,34
ad,5.91,1.843,35
ad,5.91,2.102,36
ad,5.91,2.146,37
ad,5.972,2.78,38
ad,5.972,2.256,39
ad,5.972,1.969,40
ad,5.972,1.971,41
ad,5.972,2.172,42
ad,5.972,2.345,43
ad,5.972,2.225,44
ad,5.972,2.367,45
ad,5.972,2.273,46
ad,5.972,2.009,47
ad,5.972,2.262,48
ad,5.972,2.527,49
ad,5.972,2.142,50
ad,5.972,2.064,51
ad,7.897,2.485,52
ad,7.897,2.368,53
ad,7.897,2.857,54
ad,7.897,2.166,55
ad,7.897,2.141,56
ad,7.897,2.265,57
ad,7.897,2.456,58
ad,7.897,2.218,59
ad,7.897,2.379,60
ad,7.897,1.777,61
ad,7.897,2.311,62
ad,7.897,2.01,63
ad,7.897,2.491,64
ad,7.897,2.3,65
ad,7.897,2.098,66
ad,7.897,2.11,67
ad,8.273,3.124,68
ad,8.273,2.429,69
ad,8.273,2.633,70
ad,8.273,2.588,71
ad,8.273,2.796,72
ad,8.273,2.376,73
ad,8.273,2.334,74
ad,8.273,2.051,75
ad,8.273,1.98,76
ad,8.273,2.444,77
ad,8.273,2.653,78
ad,8.273,2.216,79
ad,8.273,2.539,80
ad,8.273,2.48,81
ad,8.273,2.446,82
ad,8.273,2.569,83
ad,8.273,2.44,84
ad,8.273,2.346,85
ad,8.273,1.902,86
ad,8.273,2.247,87
ad,8.273,2.57,88
ad,8.273,2.375,89
ad,8.273,2.393,90
ad,8.273,2.578,91
ad,8.273,2.569,92
ad,8.273,2.158,93
ad,8.273,2.448,94
ad,8.273,2.845,95
ad,8.273,2.379,96
ad,8.273,2.226,97
ad,8.273,1.914,98
ad,8.273,2.407,99
aa,2.882,2.088,0
aa,3.594,1.952,1
aa,3.594,2.029,2
aa,3.594,1.795,3
aa,3.772,2.418,4
aa,3.772,2.316,5
aa,3.772,2.1,6
aa,3.772,1.93,7
aa,4.164,2.402,8
aa,4.164,2.265,9
aa,4.164,2.041,10
aa,4.164,2.011,11
aa,4.164,2.255,12
aa,4.164,2.144,13
aa,4.164,2.131,14
aa,4.49,2.101,15
aa,4.969,1.98,16
aa,4.969,2.14,17
aa,4.969,2.321,18
aa,4.969,2.347,19
aa,4.969,1.811,20
aa,4.969,2.19,21
aa,4.969,2.253,22
aa,4.969,2.23,23
aa,5.155,2.508,24
aa,5.155,2.139,25
aa,5.155,1.978,26
aa,5.155,2.047,27
aa,5.155,2.159,28
aa,5.155,2.433,29
aa,5.155,2.348,30
aa,8.507,2.264,31
aa,8.507,2.163,32
aa,8.507,2.625,33
aa,8.507,2.752,34
aa,8.507,3.003,35
aa,8.507,2.986,36
aa,10.141,3.414,37
aa,10.141,3.476,38
aa,10.141,3.076,39
aa,10.141,3.537,40
aa,10.141,3.202,41
aa,10.141,3.115,42
aa,10.141,2.962,43
aa,10.141,2.945,44
aa,10.141,2.74,45
aa,10.141,3.217,46
aa,10.141,2.906,47
aa,10.141,2.75,48
aa,10.141,2.936,49
aa,10.141,3.083,50
aa,10.141,2.708,51
aa,10.141,1.98,52
aa,10.141,3.346,53
aa,10.141,3.344,54
aa,10.141,3.214,55
aa,10.141,3.419,56
aa,10.141,2.899,57
aa,10.141,2.549,58
aa,10.141,3.657,59
aa,10.141,2.972,60
aa,10.141,3.069,61
aa,10.141,3.414,62
aa,10.141,3.089,63
aa,10.141,3.27,64
aa,10.141,3.038,65
aa,10.141,3.122,66
aa,10.141,2.711,67
aa,10.141,2.884,68
aa,10.141,2.778,69
aa,10.141,3.257,70
aa,10.141,3.343,71
aa,10.141,3.515,72
aa,10.141,2.982,73
aa,10.141,2.747,74
aa,10.141,2.645,75
aa,10.141,2.872,76
aa,10.141,3.794,77
aa,10.141,3.41,78
aa,10.141,2.397,79
aa,10.141,2.711,80
aa,10.141,2.971,81
aa,10.141,3.423,82
aa,10.141,2.891,83
aa,10.141,2.921,84
aa,10.141,2.524,85
aa,10.141,2.959,86
aa,10.141,3.276,87
aa,10.141,2.807,88
aa,10.141,3.064,89
aa,10.141,2.735,90
aa,10.141,3.092,91
aa,10.141,3.035,92
aa,10.141,3.027,93
aa,10.141,2.307,94
aa,10.141,2.955,95
aa,10.141,2.958,96
aa,10.141,3.305,97
aa,10.141,3.981,98
aa,10.141,2.858,99
ab,2.536,1.974,0
ab,4.52,2.016,1
ab,7.794,2.386,2
ab,7.794,2.498,3
ab,7.794,3.07,4
ab,7.794,2.449,5
ab,7.794,2.092,6
ab,7.794,2.626,7
ab,8.901,2.586,8
ab,8.901,2.518,9
ab,8.901,2.406,10
ab,9.394,2.852,11
ab,9.394,2.61,12
ab,9.394,2.438,13
ab,9.394,2.066,14
ab,9.394,2.298,15
ab,9.394,3.031,16
ab,9.394,2.345,17
ab,9.394,2.168,18
ab,9.394,2.434,19
ab,9.394,3.057,20
ab,9.394,2.539,21
ab,9.394,2.631,22
ab,9.394,2.059,23
ab,9.394,2.794,24
ab,9.394,2.553,25
ab,9.394,2.257,26
ab,9.394,2.315,27
ab,9.394,3.005,28
ab,9.394,2.472,29
ab,9.394,2.913,30
ab,9.394,2.524,31
ab,9.394,2.378,32
ab,9.394,2.384,33
ab,9.394,1.877,34
ab,9.394,1.9,35
ab,9.394,2.051,36
ab,9.394,2.846,37
ab,9.647,3.33,38
ab,9.647,2.758,39
ab,9.647,2.531,40
ab,9.647,2.858,41
ab,9.647,2.471,42
ab,9.647,2.453,43
ab,9.647,2.775,44
ab,9.647,2.718,45
ab,9.647,2.537,46
ab,9.647,2.296,47
ab,9.647,3.048,48
ab,9.647,3.003,49
ab,9.647,2.609,50
ab,9.647,2.663,51
ab,9.749,2.928,52
ab,9.749,2.624,53
ab,9.749,2.956,54
ab,9.761,3.08,55
ab,9.761,3.1,56
ab,9.761,2.348,57
ab,9.761,2.331,58
ab,9.761,2.748,59
ab,9.761,2.511,60
ab,9.761,2.605,61
ab,9.761,2.671,62
ab,9.761,2.491,63
ab,9.761,2.835,64
ab,9.761,2.789,65
ab,9.761,2.912,66
ab,9.761,2.577,67
ab,9.761,2.869,68
ab,9.761,2.453,69
ab,9.761,2.592,70
ab,9.761,2.528,71
ab,9.761,2.687,72
ab,9.761,2.783,73
ab,9.761,2.569,74
ab,9.761,2.45,75
ab,9.761,2.252,76
ab,9.761,2.402,77
ab,9.761,3.124,78
ab,9.761,2.761,79
ab,9.761,2.514,80
ab,9.761,2.605,81
ab,9.761,2.817,82
ab,9.761,2.536,83
ab,9.761,2.4,84
ab,9.761,2.352,85
ab,9.761,2.151,86
ab,9.761,2.225,87
ab,9.761,2.418,88
ab,9.761,2.399,89
ab,9.761,2.344,90
ab,9.761,2.662,91
ab,9.761,2.751,92
ab,9.761,2.37,93
ab,9.761,2.413,94
ab,9.761,2.421,95
ab,9.761,2.633,96
ab,9.761,3.171,97
ab,9.761,3.095,98
ab,9.761,2.851,99
ac,4.699,2.289,0
ac,5.169,2.475,1
ac,5.169,2.197,2
ac,5.169,2.362,3
ac,5.169,2.214,4
ac,5.169,2.162,5
ac,5.169,2.456,6
ac,6.116,2.26,7
ac,6.116,2.137,8
ac,6.116,2.213,9
ac,6.116,2.229,10
ac,6.116,1.812,11
ac,6.47,2.037,12
ac,6.536,2.223,13
ac,6.536,2.333,14
ac,6.536,2.402,15
ac,6.536,2.385,16
ac,6.595,2.609,17
ac,6.595,2.778,18
ac,6.644,2.488,19
ac,6.644,2.218,20
ac,6.644,2.339,21
ac,7.857,2.521,22
ac,7.857,2.596,23
ac,7.857,2.675,24
ac,7.857,1.943,25
ac,7.857,2.497,26
ac,7.857,2.509,27
ac,7.857,2.216,28
ac,7.857,2.642,29
ac,7.857,2.326,30
ac,7.857,2.422,31
ac,7.857,2.276,32
ac,7.857,2.342,33
ac,7.857,2.086,34
ac,7.857,2.401,35
ac,7.857,2.271,36
ac,7.857,2.283,37
ac,7.857,2.281,38
ac,7.857,2.381,39
ac,7.962,2.733,40
ac,7.962,2.411,41
ac,7.962,2.598,42
ac,7.962,2.357,43
ac,7.962,2.38,44
ac,7.962,2.462,45
ac,7.962,1.945,46
ac,7.962,2.237,47
ac,7.962,2.171,48
ac,7.962,2.575,49
ac,7.962,2.367,50
ac,7.962,2.566,51
ac,7.962,2.482,52
ac,8.702,2.172,53
ac,8.702,3.043,54
ac,8.702,2.349,55
ac,8.702,2.243,56
ac,8.702,2.165,57
ac,8.702,2.644,58
ac,8.702,2.356,59
ac,8.702,1.963,60
ac,8.702,2.377,61
ac,9.3,2.626,62
ac,9.3,2.5,63
ac,9.3,2.683,64
ac,9.3,2.543,65
ac,9.3,2.489,66
ac,9.3,2.44,67
ac,9.3,2.545,68
ac,9.3,1.626,69
ac,9.3,2.495,70
ac,9.3,2.754,71
ac,9.3,2.581,72
ac,9.3,2.896,73
ac,9.3,2.08,74
ac,9.3,2.032,75
ac,9.3,2.634,76
ac,9.3,1.814,77
ac,9.3,2.449,78
ac,9.3,2.157,79
ac,9.3,2.271,80
ac,9.3,3.149,81
ac,9.3,2.291,82
ac,9.3,2.794,83
ac,9.3,2.016,84
ac,9.3,2.677,85
ac,9.3,2.542,86
ac,9.766,2.845,87
ac,9.766,2.884,88
ac,9.766,2.655,89
ac,9.766,2.469,90
ac,9.766,2.596,91
ac,9.766,1.974,92
ac,9.766,2.337,93
ac,9.766,2.72,94
ac,9.766,2.548,95
ac,9.766,2.059,96
ac,9.766,2.4,97
ac,9.766,2.029,98
ac,9.766,2.644,99
ad,4.507,2.284,0
ad,4.507,2.211,1
ad,4.507,2.044,2
ad,4.507,2.075,3
ad,4.507,2.287,4
ad,4.507,2.345,5
ad,4.784,2.292,6
ad,4.784,2.243,7
ad,4.784,2.216,8
ad,4.784,1.828,9
ad,4.784,2.156,10
ad,4.784,1.987,11
ad,4.784,2.154,12
ad,4.784,2.09,13
ad,4.784,2.174,14
ad,4.784,2.05,15
ad,4.784,2.014,16
ad,4.784,2.227,17
ad,4.784,2.242,18
ad,4.784,2.24,19
ad,4.784,2.037,20
ad,5.174,1.926,21
ad,5.174,2.092,22
ad,5.174,1.725,23
ad,5.944,1.808,24
ad,6.448,2.3,25
ad,6.448,2.02,26
ad,6.448,2.245,27
ad,6.448,2.204,28
ad,6.448,2.287,29
ad,6.448,2.143,30
ad,6.448,2.064,31
ad,6.448,1.924,32
ad,6.448,2.186,33
ad,6.448,1.878,34
ad,6.448,2.109,35
ad,6.448,1.962,36
ad,6.448,2.188,37
ad,7.619,2.367,38
ad,7.619,2.002,39
ad,7.619,2.12,40
ad,7.619,2.433,41
ad,8.038,2.55,42
ad,8.038,2.135,43
ad,8.038,1.971,44
ad,8.038,2.205,45
ad,8.038,2.367,46
ad,8.038,2.052,47
ad,8.038,2.369,48
ad,8.038,2.298,49
ad,8.038,2.133,50
ad,8.038,2.333,51
ad,8.038,2.358,52
ad,8.038,1.95,53
ad,8.038,2.027,54
ad,8.038,2.104,55
ad,8.038,2.03,56
ad,8.038,2.131,57
ad,8.038,2.073,58
ad,8.038,2.173,59
ad,8.038,2.251,60
ad,8.038,2.289,61
ad,8.038,2.248,62
ad,8.038,2.025,63
ad,8.038,2.286,64
ad,8.038,2.727,65
ad,8.038,2.447,66
ad,8.038,2.38,67
ad,8.038,2.099,68
ad,8.038,1.993,69
ad,8.038,2.088,70
ad,8.038,2.171,71
ad,8.038,2.463,72
ad,8.038,2.566,73
ad,8.038,2.098,74
ad,8.038,1.951,75
ad,8.038,2.256,76
ad,8.038,2.23,77
ad,8.038,2.204,78
ad,8.038,2.12,79
ad,8.038,2.252,80
ad,8.038,2.136,81
ad,8.038,1.79,82
ad,8.038,2.611,83
ad,8.038,2.185,84
ad,8.038,2.071,85
ad,8.038,2.535,86
ad,8.038,2.328,87
ad,8.038,2.339,88
ad,8.038,1.94,89
ad,8.038,2.366,90
ad,8.038,2.235,91
ad,8.038,2.286,92
ad,8.038,2.138,93
ad,8.038,2.277,94
ad,8.038,2.346,95
ad,8.038,2.203,96
ad,8.038,2.433,97
ad,8.038,1.869,98
ad,8.038,2.069,99
ae,3.699,2.317,0
ae,3.699,2.245,1
ae,5.118,2.247,2
ae,5.118,2.091,3
ae,5.118,2.277,4
ae,5.118,2.18,5
ae,5.118,2.107,6
ae,5.118,2.036,7
ae,5.118,2.065,8
ae,5.118,2.152,9
ae,5.118,2.144,10
ae,5.118,2.153,11
ae,5.118,2.516,12
ae,5.118,2.099,13
ae,5.118,2.291,14
ae,5.118,2.23,15
ae,5.312,2.348,16
ae,5.312,2.259,17
ae,5.312,1.977,18
ae,5.484,2.34,19
ae,5.484,1.886,20
ae,5.484,1.934,21
ae,5.484,2.359,22
ae,5.484,2.066,23
ae,5.484,2.254,24
ae,5.484,2.538,25
ae,5.484,2.103,26
ae,5.484,2.39,27
ae,5.484,2.441,28
ae,6.298,2.011,29
ae,6.298,2.369,30
ae,6.338,2.289,31
ae,6.338,2.372,32
ae,6.338,2.07,33
ae,6.338,2.502,34
ae,6.338,2.134,35
ae,6.338,2.093,36
ae,6.338,2.275,37
ae,6.338,1.681,38
ae,6.338,2.169,39
ae,6.338,2.262,40
ae,6.338,2.194,41
ae,6.436,2.362,42
ae,6.436,2.075,43
ae,6.436,2.153,44
ae,6.436,2.133,45
ae,6.436,2.04,46
ae,6.436,2.089,47
ae,6.436,1.908,48
ae,6.436,1.971,49
ae,6.436,2.284,50
ae,6.436,2.366,51
ae,6.436,2.361,52
ae,6.436,2.101,53
ae,6.436,2.454,54
ae,6.436,2.401,55
ae,6.436,2.301,56
ae,6.436,1.83,57
ae,6.436,2.214,58
ae,6.436,2.024,59
ae,6.822,2.039,60
ae,6.822,2.13,61
ae,6.822,1.884,62
ae,6.822,2.079,63
ae,6.822,1.961,64
ae,6.822,1.795,65
ae,6.881,2.269,66
ae,6.881,2.145,67
ae,6.881,1.599,68
ae,6.881,2.152,69
ae,6.881,2.302,70
ae,6.881,2.178,71
ae,6.881,2.19,72
ae,6.881,2.096,73
ae,6.881,2.214,74
ae,6.881,2.235,75
ae,6.881,2.412,76
ae,6.881,2.288,77
ae,6.881,2.41,78
ae,6.881,2.683,79
ae,6.881,2.263,80
ae,6.881,2.262,81
ae,6.881,2.286,82
ae,6.881,2.422,83
ae,6.881,1.884,84
ae,6.881,2.394,85
ae,6.881,2.349,86
ae,6.881,2.399,87
ae,6.881,2.109,88
ae,6.881,2.821,89
ae,6.881,1.924,90
ae,6.881,1.99,91
ae,6.881,2.316,92
ae,6.881,2.25,93
ae,6.881,2.249,94
ae,6.881,2.035,95
ae,6.881,2.577,96
ae,6.881,2.447,97
ae,6.881,2.21,98
ae,6.881,2.099,99
aa,2.906,2.005,0
aa,5.223,2.516,1
aa,5.951,2.371,2
aa,5.951,2.188,3
aa,6.718,2.504,4
aa,6.718,2.182,5
aa,6.718,2.369,6
aa,6.718,2.003,7
aa,6.718,1.701,8
aa,6.718,2.602,9
aa,6.718,2.073,10
aa,7.055,2.2,11
aa,7.055,1.871,12
aa,7.055,2.338,13
aa,7.055,2.306,14
aa,7.055,2.164,15
aa,7.055,2.174,16
aa,7.055,2.033,17
aa,7.055,2.483,18
aa,7.055,1.855,19
aa,7.586,2.537,20
aa,7.586,2.452,21
aa,7.586,2.052,22
aa,7.586,1.684,23
aa,7.586,2.081,24
aa,7.586,2.02,25
aa,7.586,1.961,26
aa,7.586,1.725,27
aa,7.586,2.012,28
aa,7.586,2.128,29
aa,7.586,1.927,30
aa,7.586,2.156,31
aa,7.586,2.115,32
aa,7.586,1.744,33
aa,7.586,1.73,34
aa,7.586,1.419,35
aa,7.586,2.681,36
aa,7.586,3.512,37
aa,7.586,1.646,38
aa,7.586,1.393,39
aa,7.586,1.775,40
aa,7.586,1.799,41
aa,7.586,2.53,42
aa,7.586,1.618,43
aa,7.586,2.649,44
aa,7.586,2.862,45
aa,7.586,1.955,46
aa,7.586,2.093,47
aa,7.586,2.408,48
aa,7.586,2.322,49
aa,7.586,2.072,50
aa,7.586,2.141,51
aa,7.586,1.669,52
aa,7.586,2.815,53
aa,7.586,2.06,54
aa,7.586,2.221,55
aa,7.586,2.127,56
aa,7.586,2.166,57
aa,7.586,2.556,58
aa,7.586,2.15,59
aa,7.586,2.472,60
aa,7.586,2.315,61
aa,7.586,2.407,62
aa,7.586,2.299,63
aa,7.586,2.691,64
aa,7.586,2.635,65
aa,7.586,1.575,66
aa,7.586,2.436,67
aa,7.586,1.823,68
aa,7.586,2.494,69
aa,7.586,2.314,70
aa,7.586,2.215,71
aa,7.586,2.115,72
aa,7.586,2.333,73
aa,7.586,2.596,74
aa,7.586,1.837,75
aa,7.586,2.143,76
aa,7.586,1.896,77
aa,7.586,1.585,78
aa,7.586,2.05,79
aa,7.586,2.195,80
aa,7.586,2.283,81
aa,7.586,2.045,82
aa,7.586,1.846,83
aa,7.586,2.131,84
aa,7.586,2.103,85
aa,7.586,2.504,86
aa,7.586,2.227,87
aa,7.586,1.719,88
aa,7.586,2.335,89
aa,7.586,2.04,90
aa,7.586,2.192,91
aa,7.586,1.908,92
aa,7.586,2.077,93
aa,7.586,2.527,94
aa,7.586,2.248,95
aa,7.586,2.205,96
aa,7.586,2.602,97
aa,7.586,2.2,98
aa,7.586,2.426,99
aa,3.148,2.102,0
aa,4.062,2.28,1
aa,4.062,2.221,2
aa,4.062,2.019,3
aa,4.062,2.054,4
aa,4.062,2.084,5
aa,5.366,2.485,6
aa,5.366,2.098,7
aa,5.366,2.292,8
aa,6.848,2.486,9
aa,7.063,2.677,10
aa,7.063,2.261,11
aa,7.063,2.569,12
aa,7.063,2.179,13
aa,7.063,2.435,14
aa,7.063,2.136,15
aa,7.063,2.388,16
aa,7.063,2.415,17
aa,7.087,2.854,18
aa,7.087,2.646,19
aa,7.087,2.585,20
aa,7.71,2.51,21
aa,8.587,2.996,22
aa,8.644,3.226,23
aa,8.795,4.17,24
aa,8.863,3.517,25
aa,8.863,3.679,26
aa,8.863,3.063,27
aa,8.863,2.713,28
aa,8.863,3.29,29
aa,8.863,2.732,30
aa,8.863,2.586,31
aa,8.863,2.442,32
aa,8.863,3.4,33
aa,9.148,3.507,34
aa,9.148,2.878,35
aa,9.148,2.836,36
aa,10.029,3.85,37
aa,10.029,4.406,38
aa,10.029,3.438,39
aa,10.029,2.652,40
aa,10.029,2.606,41
aa,10.029,3.006,42
aa,10.029,2.399,43
aa,10.029,2.681,44
aa,10.029,2.586,45
aa,10.029,2.488,46
aa,10.574,2.887,47
aa,10.574,3.257,48
aa,10.574,2.773,49
aa,10.574,3.451,50
aa,10.574,2.996,51
aa,10.574,2.914,52
aa,10.574,3.168,53
aa,10.574,5.173,54
aa,10.574,3.706,55
aa,10.574,3.076,56
aa,10.574,2.957,57
aa,10.784,3.509,58
aa,10.784,3.37,59
aa,10.784,3.579,60
aa,10.784,3.031,61
aa,10.784,2.882,62
aa,10.784,2.945,63
aa,10.784,2.639,64
aa,10.784,2.417,65
aa,10.784,2.861,66
aa,10.784,3.14,67
aa,10.784,3.438,68
aa,10.784,2.713,69
aa,10.784,2.73,70
aa,10.784,3.262,71
aa,10.784,3.081,72
aa,10.784,2.968,73
aa,10.784,3.864,74
aa,10.784,3.977,75
aa,10.784,3.007,76
aa,10.784,3.431,77
aa,10.784,2.695,78
aa,10.784,3.379,79
aa,10.784,3.192,80
aa,10.784,3.216,81
aa,10.784,2.965,82
aa,10.784,3.403,83
aa,10.784,3.736,84
aa,10.784,3.219,85
aa,10.784,3.687,86
aa,10.784,3.27,87
aa,10.784,3.086,88
aa,10.784,2.715,89
aa,10.784,3.227,90
aa,10.784,4.202,91
aa,10.784,2.777,92
aa,10.784,2.732,93
aa,10.784,2.707,94
aa,10.784,2.825,95
aa,10.784,2.494,96
aa,10.784,3.54,97
aa,10.784,2.789,98
aa,10.784,3.408,99
ab,4.999,2.261,0
ab,4.999,2.098,1
ab,4.999,2.072,2
ab,4.999,2.393,3
ab,5.71,1.996,4
ab,5.71,2.111,5
ab,5.71,2.109,6
ab,5.71,1.751,7
ab,5.71,2.223,8
ab,5.71,2.253,9
ab,5.71,2.161,10
ab,5.71,2.277,11
ab,5.71,2.082,12
ab,5.71,2.095,13
ab,5.71,1.683,14
ab,5.71,2.63,15
ab,6.373,2.626,16
ab,6.373,2.153,17
ab,6.373,1.845,18
ab,6.373,2.184,19
ab,6.373,2.814,20
ab,6.373,2.238,21
ab,6.373,2.35,22
ab,6.373,2.601,23
ab,6.373,2.507,24
ab,6.373,2.385,25
ab,6.373,1.979,26
ab,6.373,2.43,27
ab,6.373,1.988,28
ab,6.373,2.16,29
ab,6.91,2.149,30
ab,6.91,2.269,31
ab,6.91,2.4,32
ab,7.689,2.258,33
ab,7.689,2.057,34
ab,7.689,2.417,35
ab,7.689,1.945,36
ab,7.689,2.047,37
ab,7.689,2.401,38
ab,7.689,2.254,39
ab,7.689,1.641,40
ab,7.689,2.015,41
ab,7.689,1.809,42
ab,7.689,2.358,43
ab,7.689,2.314,44
ab,7.981,2.555,45
ab,7.981,1.866,46
ab,7.981,2.599,47
ab,7.981,2.198,48
ab,7.981,2.392,49
ab,7.981,2.348,50
ab,7.981,2.216,51
ab,7.981,2.454,52
ab,7.981,2.667,53
ab,7.981,2.262,54
ab,7.981,2.792,55
ab,7.981,2.317,56
ab,7.981,2.384,57
ab,7.981,2.332,58
ab,7.981,2.235,59
ab,7.981,2.004,60
ab,7.981,2.192,61
ab,7.981,2.467,62
ab,7.981,2.696,63
ab,7.981,2.373,64
ab,7.981,2.509,65
ab,7.981,2.389,66
ab,7.981,2.187,67
ab,7.981,2.507,68
ab,7.981,3.01,69
ab,7.981,1.962,70
ab,7.981,2.341,71
ab,7.981,2.048,72
ab,7.981,2.285,73
ab,7.981,2.312,74
ab,7.981,2.349,75
ab,7.981,2.33,76
ab,7.981,2.475,77
ab,7.981,2.442,78
ab,7.981,2.927,79
ab,7.981,2.512,80
ab,7.981,2.411,81
ab,7.981,3.117,82
ab,7.981,2.867,83
ab,7.981,2.367,84
ab,7.981,2.19,85
ab,7.981,1.912,86
ab,7.981,2.639,87
ab,7.981,2.378,88
ab,7.981,2.619,89
ab,7.981,2.288,90
ab,7.981,1.989,91
ab,7.981,2.877,92
ab,7.981,2.467,93
ab,7.981,2.596,94
ab,7.981,2.6,95
ab,7.981,1.93,96
ab,7.981,2.669,97
ab,7.981,2.464,98
ab,7.981,2.051,99
ab,4.755,2.227,0
ab,5.369,2.476,1
ab,5.369,2.2,2
ab,5.369,2.291,3
ab,5.369,2.261,4
ab,5.369,2.154,5
ab,5.369,2.064,6
ab,5.369,2.315,7
ab,5.369,2.524,8
ab,5.369,2.191,9
ab,5.369,2.639,10
ab,5.369,2.234,11
ab,5.369,2.21,12
ab,5.369,2.278,13
ab,5.369,2.078,14
ab,5.369,1.973,15
ab,5.369,1.904,16
ab,5.369,2.303,17
ab,5.369,2.127,18
ab,5.369,2.105,19
ab,5.369,2.239,20
ab,5.369,2.177,21
ab,5.369,2.487,22
ab,5.369,2.018,23
ab,5.369,1.769,24
ab,5.369,2.246,25
ab,5.369,1.898,26
ab,5.369,2.357,27
ab,5.369,2.479,28
ab,5.369,2.123,29
ab,5.369,2.196,30
ab,5.369,2.326,31
ab,5.369,2.125,32
ab,5.369,1.9,33
ab,5.369,1.448,34
ab,6.011,2.652,35
ab,6.011,2.138,36
ab,6.011,2.226,37
ab,6.011,1.876,38
ab,6.011,1.648,39
ab,6.011,2.118,40
ab,6.011,2.121,41
ab,6.011,1.864,42
ab,6.472,2.01,43
ab,6.472,1.844,44
ab,6.472,2.311,45
ab,6.472,1.761,46
ab,6.472,2.468,47
ab,6.472,2.089,48
ab,6.913,2.295,49
ab,6.913,1.836,50
ab,6.913,2.262,51
ab,6.913,2.798,52
ab,6.913,2.376,53
ab,6.913,2.167,54
ab,6.913,2.513,55
ab,6.913,2.19,56
ab,6.913,2.495,57
ab,6.913,2.514,58
ab,6.913,2.588,59
ab,6.913,2.556,60
ab,6.913,2.347,61
ab,6.913,2.404,62
ab,6.913,1.939,63
ab,6.913,2.548,64
ab,6.913,2.367,65
ab,6.913,2.152,66
ab,6.913,2.042,67
ab,6.913,2.648,68
ab,6.913,2.504,69
ab,6.913,2.041,70
ab,6.913,2.261,71
ab,6.913,1.945,72
ab,6.913,1.896,73
ab,6.913,2.232,74
ab,6.913,1.823,75
ab,7.103,2.36,76
ab,7.103,2.302,77
ab,7.103,2.061,78
ab,7.103,2.556,79
ab,7.192,2.605,80
ab,8.93,2.372,81
ab,8.93,2.655,82
ab,8.93,3.01,83
ab,8.93,2.916,84
ab,8.93,2.7,85
ab,8.93,2.093,86
ab,8.93,2.939,87
ab,8.93,2.72,88
ab,8.93,2.657,89
ab,8.93,2.609,90
ab,8.93,3.039,91
ab,8.93,2.865,92
ab,8.93,2.509,93
ab,8.93,2.511,94
ab,8.93,2.492,95
ab,8.93,2.129,96
ab,8.93,2.763,97
ab,8.93,2.478,98
ab,8.93,2.081,99
ac,2.778,2.002,0
ac,4.249,2.177,1
ac,4.249,2.277,2
ac,4.249,2.256,3
ac,4.249,2.233,4
ac,4.249,2.211,5
ac,4.249,2.28,6
ac,4.249,2.057,7
ac,5.495,2.313,8
ac,6.551,2.508,9
ac,6.551,2.293,10
ac,6.551,2.149,11
ac,6.551,2.189,12
ac,6.551,2.159,13
ac,6.551,2.525,14
ac,6.551,2.21,15
ac,6.551,2.112,16
ac,6.551,2.073,17
ac,6.551,2.066,18
ac,6.551,2.061,19
ac,6.551,2.21,20
ac,6.551,2.093,21
ac,6.551,2.111,22
ac,6.551,2.051,23
ac,6.551,2.496,24
ac,6.551,2.221,25
ac,6.551,2.455,26
ac,6.551,2.242,27
ac,6.551,2.001,28
ac,6.551,2.039,29
ac,6.551,1.967,30
ac,6.551,1.985,31
ac,6.551,2.117,32
ac,6.551,2.212,33
ac,6.551,2.036,34
ac,6.551,2.05,35
ac,6.551,2.143,36
ac,6.551,2.441,37
ac,6.551,2.077,38
ac,6.551,1.875,39
ac,6.551,2.095,40
ac,6.551,1.868,41
ac,6.551,2.121,42
ac,6.551,1.719,43
ac,6.551,2.261,44
ac,6.551,2.229,45
ac,6.551,2.058,46
ac,6.551,2.156,47
ac,6.551,2.449,48
ac,6.551,2.395,49
ac,6.551,2.413,50
ac,6.551,2.12,51
ac,6.551,2.2,52
ac,6.551,2.396,53
ac,6.551,1.999,54
ac,6.551,2.373,55
ac,6.551,2.191,56
ac,6.551,2.518,57
ac,6.551,2.262,58
ac,6.551,2.085,59
ac,6.551,1.768,60
ac,6.551,1.963,61
ac,6.551,1.985,62
ac,6.91,2.06,63
ac,6.91,2.154,64
ac,7.046,2.435,65
ac,7.046,2.577,66
ac,7.046,2.138,67
ac,7.046,2.577,68
ac,7.046,2.0,69
ac,7.046,2.624,70
ac,7.046,2.377,71
ac,7.046,2.175,72
ac,7.046,1.959,73
ac,7.046,2.29,74
ac,7.046,2.626,75
ac,7.046,1.563,76
ac,7.046,2.038,77
ac,7.046,2.331,78
ac,7.046,2.071,79
ac,7.046,2.194,80
ac,7.046,2.14,81
ac,7.046,2.326,82
ac,7.194,2.583,83
ac,7.194,2.249,84
ac,7.194,2.386,85
ac,7.194,2.14,86
ac,7.301,2.369,87
ac,7.742,2.887,88
ac,9.096,2.639,89
ac,9.096,2.255,90
ac,9.096,2.217,91
ac,9.096,2.859,92
ac,9.096,2.264,93
ac,9.096,2.211,94
ac,9.096,2.109,95
ac,9.243,3.367,96
ac,9.271,2.894,97
ac,9.271,2.244,98
ac,9.271,2.145,99
ad,2.991,1.97,0
ad,2.991,1.947,1
ad,7.834,2.285,2
ad,7.834,1.702,3
ad,7.834,2.176,4
ad,7.834,2.454,5
ad,7.834,2.4,6
ad,7.834,1.893,7
ad,7.834,2.352,8
ad,7.834,2.37,9
ad,7.834,1.862,10
ad,7.834,2.373,11
ad,7.834,1.878,12
ad,7.834,2.578,13
ad,7.834,2.4,14
ad,7.834,2.154,15
ad,7.834,2.494,16
ad,7.834,2.171,17
ad,7.834,2.363,18
ad,7.834,2.348,19
ad,7.834,2.384,20
ad,7.834,2.123,21
ad,7.834,1.915,22
ad,7.834,2.23,23
ad,7.834,2.343,24
ad,7.834,2.295,25
ad,7.834,2.094,26
ad,7.834,2.227,27
ad,7.834,2.225,28
ad,7.834,2.166,29
ad,7.834,2.392,30
ad,7.834,2.061,31
ad,7.834,2.56,32
ad,7.834,2.507,33
ad,7.834,2.029,34
ad,7.834,2.635,35
ad,7.834,1.936,36
ad,7.834,2.204,37
ad,7.834,1.959,38
ad,7.834,2.474,39
ad,7.834,2.046,40
ad,7.834,2.433,41
ad,7.834,2.263,42
ad,7.834,2.423,43
ad,7.834,2.432,44
ad,7.834,2.191,45
ad,7.994,2.742,46
ad,7.994,2.237,47
ad,8.023,2.264,48
ad,8.089,2.872,49
ad,8.814,2.361,50
ad,8.814,2.269,51
ad,9.109,3.116,52
ad,9.109,2.765,53
ad,9.109,2.402,54
ad,9.109,2.911,55
ad,9.109,2.365,56
ad,9.109,2.353,57
ad,9.109,2.844,58
ad,9.109,2.344,59
ad,9.109,2.488,60
ad,9.109,1.978,61
ad,9.109,2.184,62
ad,9.109,2.104,63
ad,9.109,2.231,64
ad,9.109,2.604,65
ad,9.109,2.28,66
ad,9.109,2.43,67
ad,9.407,3.407,68
ad,9.407,2.715,69
ad,9.812,2.409,70
ad,9.812,2.273,71
ad,9.812,2.835,72
ad,9.812,2.188,73
ad,9.812,2.241,74
ad,9.812,2.265,75
ad,9.812,2.432,76
ad,9.812,2.552,77
ad,9.812,1.705,78
ad,9.812,1.987,79
ad,9.812,2.16,80
ad,9.812,1.823,81
ad,9.812,2.008,82
ad,9.812,1.861,83
ad,9.812,2.005,84
ad,9.812,2.066,85
ad,9.812,2.077,86
ad,9.812,2.152,87
ad,9.812,2.298,88
ad,9.812,2.67,89
ad,9.812,2.164,90
ad,9.812,2.431,91
ad,9.812,2.043,92
ad,9.812,1.871,93
ad,9.812,2.087,94
ad,9.812,2.94,95
ad,9.812,2.605,96
ad,9.812,2.616,97
ad,9.812,2.235,98
ad,9.812,1.955,99
ae,4.43,2.427,0
ae,4.43,2.361,1
ae,4.43,2.168,2
ae,4.43,1.845,3
ae,4.43,2.114,4
ae,4.43,2.017,5
ae,6.353,2.3,6
ae,6.353,2.226,7
ae,6.353,2.766,8
ae,6.353,2.333,9
ae,6.353,2.266,10
ae,6.353,2.08,11
ae,6.353,2.244,12
ae,6.353,2.139,13
ae,6.815,2.658,14
ae,6.815,2.625,15
ae,6.815,1.962,16
ae,6.815,2.029,17
ae,6.815,2.069,18
ae,6.815,2.356,19
ae,6.815,2.31,20
ae,6.815,1.925,21
ae,6.815,1.967,22
ae,6.815,2.278,23
ae,6.815,2.007,24
ae,7.056,2.24,25
ae,7.056,2.001,26
ae,7.056,2.294,27
ae,7.056,2.145,28
ae,7.056,2.484,29
ae,7.056,2.093,30
ae,7.056,2.529,31
ae,7.056,2.143,32
ae,7.056,2.22,33
ae,7.056,2.252,34
ae,7.056,2.012,35
ae,7.056,2.547,36
ae,7.056,2.338,37
ae,7.056,1.978,38
ae,7.056,1.932,39
ae,7.056,1.998,40
ae,7.056,2.345,41
ae,7.056,2.187,42
ae,7.056,2.355,43
ae,7.056,2.365,44
ae,7.056,1.739,45
ae,7.056,2.192,46
ae,7.056,1.939,47
ae,7.056,2.167,48
ae,7.056,2.436,49
ae,7.056,2.421,50
ae,7.056,2.06,51
ae,7.056,1.888,52
ae,7.056,1.926,53
ae,7.056,2.737,54
ae,7.056,2.588,55
ae,7.056,2.706,56
ae,7.056,2.231,57
ae,7.056,2.231,58
ae,7.056,2.234,59
ae,7.056,2.585,60
ae,7.056,2.489,61
ae,7.056,1.801,62
ae,7.056,2.227,63
ae,8.103,2.693,64
ae,8.103,2.307,65
ae,8.103,2.639,66
ae,8.103,2.547,67
ae,8.103,1.955,68
ae,8.103,2.595,69
ae,8.103,2.523,70
ae,8.103,2.409,71
ae,8.103,2.204,72
ae,8.103,2.486,73
ae,8.731,2.776,74
ae,8.731,2.509,75
ae,8.731,2.29,76
ae,8.731,2.214,77
ae,8.731,2.223,78
ae,8.731,2.451,79
ae,8.731,2.225,80
ae,8.731,2.373,81
ae,8.731,2.583,82
ae,8.731,2.52,83
ae,8.731,2.395,84
ae,8.731,2.433,85
ae,8.731,2.363,86
ae,8.731,2.579,87
ae,8.731,2.255,88
ae,8.731,2.422,89
ae,8.731,2.839,90
ae,8.731,2.384,91
ae,8.731,2.515,92
ae,8.731,2.763,93
ae,8.731,2.182,94
ae,11.903,2.957,95
ae,11.903,2.44,96
ae,11.903,2.398,97
ae,11.903,2.295,98
ae,11.903,2.715,99
ac,3.104,2.166,0
ac,3.135,1.72,1
ac,3.135,2.043,2
ac,3.927,1.987,3
ac,5.059,2.511,4
ac,5.059,1.531,5
ac,5.059,1.844,6
ac,5.059,2.095,7
ac,5.059,2.105,8
ac,6.637,1.882,9
ac,6.637,2.396,10
ac,6.637,2.254,11
ac,6.637,2.7,12
ac,6.637,2.644,13
ac,6.637,2.268,14
ac,6.637,2.417,15
ac,6.637,2.378,16
ac,7.668,2.795,17
ac,7.668,2.317,18
ac,7.668,2.207,19
ac,7.668,2.453,20
ac,8.764,2.911,21
ac,8.764,2.394,22
ac,8.764,2.496,23
ac,8.764,2.387,24
ac,8.764,2.156,25
ac,8.764,2.427,26
ac,8.764,2.098,27
ac,8.764,2.328,28
ac,8.764,2.177,29
ac,8.764,2.115,30
ac,8.764,2.719,31
ac,9.26,3.201,32
ac,9.26,2.923,33
ac,9.26,2.673,34
ac,9.26,2.132,35
ac,9.26,2.337,36
ac,9.26,2.332,37
ac,9.26,2.283,38
ac,9.26,2.495,39
ac,9.26,2.511,40
ac,9.26,2.055,41
ac,9.26,2.884,42
ac,9.26,2.653,43
ac,9.26,2.015,44
ac,9.26,2.92,45
ac,9.26,2.552,46
ac,9.26,2.217,47
ac,9.26,2.953,48
ac,9.537,3.645,49
ac,9.537,3.18,50
ac,9.537,3.213,51
ac,9.537,2.928,52
ac,9.537,2.973,53
ac,9.537,2.607,54
ac,9.537,2.712,55
ac,9.537,3.42,56
ac,9.537,2.786,57
ac,9.537,2.825,58
ac,9.537,2.851,59
ac,9.537,3.218,60
ac,9.537,2.855,61
ac,9.537,3.106,62
ac,9.537,2.57,63
ac,9.537,3.456,64
ac,9.759,3.33,65
ac,9.759,3.823,66
ac,9.759,2.329,67
ac,9.759,2.414,68
ac,9.759,2.666,69
ac,10.031,2.713,70
ac,10.031,2.844,71
ac,10.031,2.699,72
ac,10.031,2.51,73
ac,10.031,2.596,74
ac,10.031,2.756,75
ac,10.031,2.893,76
ac,10.031,3.151,77
ac,10.031,2.526,78
ac,10.031,2.733,79
ac,10.031,2.437,80
ac,10.031,3.243,81
ac,10.031,2.683,82
ac,10.031,2.424,83
ac,10.031,3.06,84
ac,10.031,3.729,85
ac,10.031,2.629,86
ac,10.031,2.681,87
ac,10.031,2.906,88
ac,10.031,2.807,89
ac,10.031,2.43,90
ac,10.031,2.049,91
ac,10.031,2.879,92
ac,10.031,3.42,93
ac,10.031,2.355,94
ac,10.031,3.108,95
ac,10.031,3.169,96
ac,10.031,2.945,97
ac,10.031,2.377,98
ac,10.031,2.827,99
ad,2.831,2.112,0
ad,3.735,1.794,1
ad,4.084,2.196,2
ad,4.084,2.161,3
ad,4.752,2.514,4
ad,4.752,2.051,5
ad,6.328,2.182,6
ad,6.328,2.084,7
ad,6.328,1.792,8
ad,6.328,2.345,9
ad,6.328,2.093,10
ad,6.328,2.284,11
ad,6.328,2.299,12
ad,6.328,2.193,13
ad,6.328,2.201,14
ad,6.328,2.354,15
ad,6.328,1.949,16
ad,6.543,2.194,17
ad,6.543,2.568,18
ad,6.543,1.847,19
ad,7.002,2.821,20
ad,7.113,2.691,21
ad,7.113,2.146,22
ad,7.113,2.357,23
ad,7.113,2.308,24
ad,7.113,2.26,25
ad,7.113,2.212,26
ad,7.113,1.927,27
ad,7.113,1.986,28
ad,7.201,2.889,29
ad,7.201,2.077,30
ad,7.201,2.57,31
ad,7.454,2.277,32
ad,7.454,2.553,33
ad,7.454,2.098,34
ad,7.454,2.154,35
ad,7.454,2.361,36
ad,7.454,2.44,37
ad,7.454,2.658,38
ad,7.454,2.34,39
ad,7.454,2.503,40
ad,7.454,2.345,41
ad,7.454,2.221,42
ad,7.454,2.606,43
ad,7.454,2.593,44
ad,7.454,2.293,45
ad,7.454,2.008,46
ad,7.454,2.153,47
ad,7.454,2.198,48
ad,7.454,2.197,49
ad,7.454,1.942,50
ad,7.454,1.879,51
ad,7.454,2.421,52
ad,7.454,2.256,53
ad,7.454,2.351,54
ad,7.454,2.391,55
ad,7.454,2.064,56
ad,7.454,2.363,57
ad,7.454,2.526,58
ad,7.454,2.645,59
ad,7.454,2.369,60
ad,7.454,2.073,61
ad,7.454,2.72,62
ad,7.454,2.093,63
ad,7.454,1.995,64
ad,7.506,2.596,65
ad,7.506,2.405,66
ad,7.506,2.255,67
ad,7.506,2.24,68
ad,7.506,2.589,69
ad,7.506,2.31,70
ad,7.506,2.255,71
ad,7.506,2.372,72
ad,7.506,2.003,73
ad,7.506,2.428,74
ad,7.506,2.3,75
ad,7.506,2.384,76
ad,7.506,2.133,77
ad,7.506,2.5,78
ad,7.506,2.387,79
ad,7.506,2.269,80
ad,7.506,2.147,81
ad,7.506,2.336,82
ad,7.506,2.688,83
ad,7.506,2.265,84
ad,7.506,2.242,85
ad,7.506,2.207,86
ad,7.506,2.209,87
ad,7.506,2.389,88
ad,7.506,2.139,89
ad,7.506,2.41,90
ad,7.506,2.531,91
ad,7.506,2.386,92
ad,7.506,2.312,93
ad,7.506,2.185,94
ad,7.506,2.438,95
ad,7.506,2.668,96
ad,7.736,2.64,97
ad,7.736,2.916,98
ad,7.736,2.463,99
ac,3.354,2.109,0
ac,6.352,2.231,1
ac,6.352,1.865,2
ac,6.352,2.026,3
ac,6.352,2.272,4
ac,6.352,2.271,5
ac,6.352,2.35,6
ac,7.137,2.277,7
ac,7.137,2.152,8
ac,7.137,2.384,9
ac,7.19,2.324,10
ac,7.19,2.283,11
ac,7.19,2.266,12
ac,7.19,1.728,13
ac,7.19,2.104,14
ac,7.19,2.252,15
ac,7.19,2.417,16
ac,7.19,2.227,17
ac,7.19,2.25,18
ac,7.306,2.034,19
ac,7.306,2.148,20
ac,7.306,1.968,21
ac,7.306,2.384,22
ac,7.306,2.118,23
ac,7.306,2.286,24
ac,7.306,1.941,25
ac,7.306,2.037,26
ac,7.306,1.698,27
ac,7.306,1.976,28
ac,7.306,2.174,29
ac,7.306,1.99,30
ac,7.306,1.838,31
ac,7.306,2.393,32
ac,7.306,1.878,33
ac,7.306,2.287,34
ac,7.306,1.876,35
ac,7.306,2.068,36
ac,7.306,1.984,37
ac,7.306,2.139,38
ac,7.306,1.894,39
ac,7.306,1.857,40
ac,7.306,1.99,41
ac,7.306,2.08,42
ac,7.306,1.678,43
ac,7.306,1.636,44
ac,7.306,1.99,45
ac,7.306,2.136,46
ac,7.306,2.091,47
ac,7.306,1.845,48
ac,7.306,1.795,49
ac,7.306,2.4,50
ac,7.306,2.241,51
ac,7.306,2.289,52
ac,7.306,2.38,53
ac,7.306,2.103,54
ac,7.306,2.011,55
ac,7.306,1.988,56
ac,7.306,1.912,57
ac,7.306,1.922,58
ac,7.306,1.986,59
ac,7.306,1.956,60
ac,7.306,1.622,61
ac,7.306,1.912,62
ac,7.306,1.795,63
ac,7.306,1.763,64
ac,7.306,2.263,65
ac,7.306,1.997,66
ac,7.306,2.675,67
ac,7.306,1.898,68
ac,7.674,2.307,69
ac,7.674,2.017,70
ac,7.674,2.013,71
ac,7.674,1.51,72
ac,7.674,1.845,73
ac,7.674,2.102,74
ac,7.674,2.102,75
ac,7.674,2.28,76
ac,7.674,2.059,77
ac,7.674,1.795,78
ac,7.674,1.984,79
ac,7.674,2.419,80
ac,7.674,2.009,81
ac,7.674,2.046,82
ac,7.674,2.26,83
ac,7.674,2.32,84
ac,7.674,2.175,85
ac,7.674,1.861,86
ac,7.674,2.148,87
ac,7.674,2.331,88
ac,7.674,1.749,89
ac,7.674,2.431,90
ac,7.674,1.735,91
ac,7.674,1.753,92
ac,7.674,1.228,93
ac,7.674,2.119,94
ac,7.674,2.08,95
ac,7.674,1.806,96
ac,7.674,1.235,97
ac,7.674,1.891,98
ac,7.674,1.987,99
ad,3.552,2.137,0
ad,3.806,2.125,1
ad,4.584,2.452,2
ad,4.584,2.08,3
ad,4.584,2.291,4
ad,4.584,2.311,5
ad,4.584,2.078,6
ad,4.584,1.978,7
ad,4.584,2.337,8
ad,4.584,1.974,9
ad,4.584,2.143,10
ad,4.584,2.124,11
ad,4.584,1.95,12
ad,4.584,2.192,13
ad,4.584,2.303,14
ad,4.584,2.055,15
ad,4.584,2.135,16
ad,4.584,1.931,17
ad,4.584,2.232,18
ad,4.584,2.162,19
ad,4.584,2.193,20
ad,5.467,2.081,21
ad,5.467,2.419,22
ad,5.467,2.43,23
ad,5.467,2.219,24
ad,5.467,2.461,25
ad,5.467,2.355,26
ad,9.523,2.564,27
ad,9.523,2.479,28
ad,9.523,2.727,29
ad,9.523,2.494,30
ad,9.523,2.413,31
ad,9.523,2.645,32
ad,9.523,2.265,33
ad,9.523,2.271,34
ad,9.523,2.23,35
ad,9.523,2.301,36
ad,9.523,2.858,37
ad,9.523,2.315,38
ad,9.523,2.436,39
ad,9.523,2.444,40
ad,9.523,2.66,41
ad,9.523,2.416,42
ad,9.523,2.547,43
ad,9.523,2.335,44
ad,9.523,2.414,45
ad,9.523,2.455,46
ad,9.523,2.237,47
ad,9.523,2.368,48
ad,9.523,2.486,49
ad,9.523,2.566,50
ad,9.523,2.29,51
ad,9.523,2.578,52
ad,9.523,2.528,53
ad,9.523,2.338,54
ad,9.523,2.539,55
ad,9.523,2.476,56
ad,9.523,2.463,57
ad,9.523,2.858,58
ad,9.523,2.65,59
ad,9.523,2.767,60
ad,9.523,2.57,61
ad,9.523,2.62,62
ad,9.523,2.427,63
ad,9.523,2.527,64
ad,9.523,2.168,65
ad,9.523,2.699,66
ad,9.523,2.19,67
ad,9.523,2.433,68
ad,9.523,2.721,69
ad,9.523,2.207,70
ad,9.523,2.037,71
ad,9.523,2.374,72
ad,9.523,2.989,73
ad,9.523,2.627,74
ad,9.523,2.602,75
ad,9.523,2.801,76
ad,9.523,2.58,77
ad,9.523,2.865,78
ad,9.523,2.623,79
ad,9.523,2.545,80
ad,9.523,2.463,81
ad,9.523,3.181,82
ad,9.523,2.345,83
ad,9.523,2.299,84
ad,9.523,3.087,85
ad,9.523,2.711,86
ad,9.523,2.205,87
ad,9.523,2.408,88
ad,9.523,2.36,89
ad,9.523,2.851,90
ad,9.523,2.533,91
ad,9.523,2.538,92
ad,9.523,2.654,93
ad,9.523,2.836,94
ad,9.523,2.777,95
ad,9.523,2.448,96
ad,9.523,2.241,97
ad,9.523,2.485,98
ad,9.523,2.538,99
ae,4.799,2.287,0
ae,5.135,2.257,1
ae,5.135,1.915,2
ae,5.135,1.954,3
ae,5.135,2.187,4
ae,5.135,2.269,5
ae,5.135,1.819,6
ae,5.135,2.026,7
ae,5.135,2.201,8
ae,5.135,1.758,9
ae,6.346,2.234,10
ae,6.346,2.018,11
ae,6.346,2.45,12
ae,6.346,2.368,13
ae,6.346,2.22,14
ae,6.346,2.16,15
ae,6.346,1.603,16
ae,6.346,2.089,17
ae,6.346,2.03,18
ae,6.346,2.053,19
ae,6.346,2.317,20
ae,6.346,2.601,21
ae,6.346,2.722,22
ae,6.346,2.171,23
ae,6.346,2.233,24
ae,6.346,1.995,25
ae,6.346,2.372,26
ae,6.346,2.213,27
ae,6.346,2.265,28
ae,6.346,2.054,29
ae,6.346,2.434,30
ae,6.346,2.549,31
ae,6.346,2.004,32
ae,6.346,1.973,33
ae,6.346,2.206,34
ae,6.346,1.834,35
ae,6.346,2.355,36
ae,6.346,2.296,37
ae,6.554,2.3,38
ae,6.554,2.397,39
ae,6.554,2.458,40
ae,6.71,2.325,41
ae,6.71,2.115,42
ae,8.061,2.741,43
ae,8.061,2.944,44
ae,8.061,2.723,45
ae,8.061,2.418,46
ae,8.061,1.962,47
ae,8.061,1.956,48
ae,8.061,2.259,49
ae,8.061,2.477,50
ae,8.061,2.63,51
ae,8.061,2.24,52
ae,8.061,2.015,53
ae,8.061,2.067,54
ae,8.061,2.169,55
ae,8.061,1.99,56
ae,8.061,2.357,57
ae,8.061,2.275,58
ae,8.061,2.432,59
ae,8.061,2.338,60
ae,8.061,2.184,61
ae,8.061,2.354,62
ae,8.061,2.095,63
ae,8.061,2.647,64
ae,8.061,2.109,65
ae,8.061,2.036,66
ae,8.061,2.072,67
ae,8.061,2.181,68
ae,8.061,2.083,69
ae,8.061,2.33,70
ae,8.061,2.405,71
ae,8.061,2.147,72
ae,8.061,2.341,73
ae,8.061,2.531,74
ae,8.061,2.525,75
ae,8.061,2.287,76
ae,8.061,2.174,77
ae,8.061,2.25,78
ae,8.061,2.156,79
ae,8.061,2.069,80
ae,8.061,2.479,81
ae,8.061,2.064,82
ae,8.061,2.592,83
ae,8.061,2.744,84
ae,8.061,2.522,85
ae,8.061,2.386,86
ae,8.061,2.326,87
ae,8.061,1.954,88
ae,8.061,2.055,89
ae,8.061,2.564,90
ae,8.061,2.023,91
ae,8.061,2.494,92
ae,8.061,2.53,93
ae,8.061,2.704,94
ae,8.061,2.039,95
ae,8.061,1.922,96
ae,8.061,2.557,97
ae,8.061,2.322,98
ae,8.061,2.625,99
ae,3.042,2.073,0
ae,3.261,2.032,1
ae,3.419,1.929,2
ae,3.419,2.008,3
ae,3.419,1.845,4
ae,3.419,2.04,5
ae,3.419,2.096,6
ae,4.218,2.381,7
ae,4.218,1.878,8
ae,4.218,2.041,9
ae,4.218,2.155,10
ae,4.218,2.08,11
ae,4.52,2.118,12
ae,4.52,2.152,13
ae,4.52,1.87,14
ae,4.52,2.08,15
ae,4.52,2.212,16
ae,6.242,2.262,17
ae,6.242,2.638,18
ae,6.242,2.175,19
ae,6.242,2.188,20
ae,6.242,2.14,21
ae,6.242,1.795,22
ae,6.242,2.194,23
ae,6.242,2.431,24
ae,6.242,2.331,25
ae,6.242,2.356,26
ae,6.242,2.121,27
ae,6.242,2.377,28
ae,6.242,2.44,29
ae,6.242,2.43,30
ae,6.242,2.176,31
ae,6.242,1.954,32
ae,6.242,2.101,33
ae,6.242,2.433,34
ae,6.242,2.359,35
ae,6.242,2.106,36
ae,6.242,2.265,37
ae,6.242,2.011,38
ae,6.242,2.156,39
ae,6.242,1.955,40
ae,6.242,2.558,41
ae,6.242,2.355,42
ae,6.242,2.544,43
ae,6.242,1.806,44
ae,6.242,2.149,45
ae,6.242,2.103,46
ae,6.242,2.469,47
ae,6.242,2.159,48
ae,6.242,2.191,49
ae,6.242,2.245,50
ae,6.242,2.377,51
ae,6.242,2.321,52
ae,6.242,1.784,53
ae,6.242,2.382,54
ae,6.686,2.504,55
ae,6.686,2.261,56
ae,6.686,2.184,57
ae,6.686,2.188,58
ae,6.686,2.414,59
ae,6.686,2.028,60
ae,6.686,2.263,61
ae,6.686,1.86,62
ae,6.686,2.203,63
ae,6.686,2.277,64
ae,6.686,2.3,65
ae,6.686,2.594,66
ae,6.686,2.322,67
ae,6.686,2.296,68
ae,6.686,2.232,69
ae,6.686,2.186,70
ae,6.686,2.442,71
ae,6.686,2.371,72
ae,6.686,2.381,73
ae,6.686,2.541,74
ae,6.686,2.303,75
ae,6.686,2.371,76
ae,6.686,2.297,77
ae,6.686,2.289,78
ae,6.686,2.289,79
ae,6.686,2.367,80
ae,6.686,2.376,81
ae,6.686,2.487,82
ae,6.686,2.54,83
ae,6.686,2.55,84
ae,6.686,2.636,85
ae,7.985,2.514,86
ae,7.985,2.713,87
ae,7.985,1.98,88
ae,7.985,2.41,89
ae,7.985,2.13,90
ae,7.985,2.0,91
ae,7.985,2.603,92
ae,7.985,1.815,93
ae,7.985,2.032,94
ae,7.985,2.123,95
ae,7.985,2.155,96
ae,7.985,1.606,97
ae,7.985,2.354,98
ae,7.985,1.913,99
ae,4.562,2.199,0
ae,4.562,2.126,1
ae,4.562,1.931,2
ae,4.562,2.167,3
ae,4.562,2.064,4
ae,7.707,2.458,5
ae,7.707,2.181,6
ae,7.707,2.632,7
ae,7.707,2.217,8
ae,7.707,2.302,9
ae,7.707,2.427,10
ae,7.707,2.269,11
ae,7.707,1.918,12
ae,7.707,2.171,13
ae,7.707,2.007,14
ae,7.707,2.291,15
ae,7.707,2.562,16
ae,8.621,2.466,17
ae,8.621,2.707,18
ae,8.621,2.318,19
ae,8.621,2.285,20
ae,8.621,2.548,21
ae,8.621,1.996,22
ae,8.621,2.468,23
ae,8.621,2.404,24
ae,8.621,2.449,25
ae,8.621,2.524,26
ae,8.621,2.373,27
ae,8.621,2.474,28
ae,8.621,2.658,29
ae,8.621,2.405,30
ae,8.621,2.059,31
ae,8.621,2.33,32
ae,8.621,2.377,33
ae,8.621,2.309,34
ae,8.621,2.494,35
ae,8.621,2.506,36
ae,8.621,2.555,37
ae,8.621,2.384,38
ae,8.621,2.45,39
ae,8.621,2.663,40
ae,8.621,2.462,41
ae,8.621,2.528,42
ae,8.621,2.408,43
ae,8.621,2.666,44
ae,8.621,2.329,45
ae,8.621,2.562,46
ae,8.621,2.455,47
ae,8.621,2.512,48
ae,8.621,2.3,49
ae,8.621,2.48,50
ae,8.621,2.042,51
ae,8.621,2.332,52
ae,8.621,2.5,53
ae,8.621,2.138,54
ae,8.621,2.326,55
ae,8.621,2.334,56
ae,8.621,2.385,57
ae,8.621,2.138,58
ae,8.621,2.4,59
ae,8.621,2.331,60
ae,8.621,2.251,61
ae,8.621,2.615,62
ae,8.621,2.444,63
ae,8.621,2.364,64
ae,8.621,2.4,65
ae,8.621,2.268,66
ae,8.621,2.44,67
ae,8.621,2.34,68
ae,8.621,3.046,69
ae,8.621,2.588,70
ae,8.621,2.213,71
ae,8.621,2.585,72
ae,8.621,2.333,73
ae,8.621,2.661,74
ae,8.621,2.559,75
ae,8.621,2.077,76
ae,8.621,2.381,77
ae,8.621,2.8,78
ae,8.621,2.171,79
ae,8.621,2.531,80
ae,8.621,2.252,81
ae,8.621,2.741,82
ae,8.621,2.238,83
ae,8.621,2.479,84
ae,8.621,2.389,85
ae,8.621,2.368,86
ae,8.621,2.306,87
ae,8.621,2.38,88
ae,8.621,2.599,89
ae,8.621,2.441,90
ae,8.621,2.385,91
ae,8.621,2.151,92
ae,8.621,2.429,93
ae,8.621,2.498,94
ae,8.621,2.346,95
ae,8.621,2.543,96
ae,8.621,2.578,97
ae,8.621,2.189,98
ae,8.621,2.544,99
