aa,2.723,2.0,0
aa,7.652,2.832,1
aa,7.652,2.471,2
aa,7.652,2.657,3
aa,9.836,4.574,4
aa,9.836,4.329,5
aa,10.792,4.147,6
aa,10.792,3.999,7
aa,10.792,3.965,8
aa,10.792,5.129,9
aa,10.792,4.206,10
aa,10.792,4.14,11
aa,10.792,3.519,12
aa,10.792,3.31,13
aa,10.792,4.13,14
aa,10.792,4.156,15
aa,10.792,4.883,16
aa,10.792,6.584,17
aa,10.792,4.605,18
aa,10.792,3.222,19
aa,10.792,4.727,20
aa,10.792,4.161,21
aa,10.792,4.377,22
aa,10.792,3.971,23
aa,10.792,4.007,24
aa,10.792,3.74,25
aa,10.792,4.75,26
aa,10.792,4.904,27
aa,10.792,4.191,28
aa,10.792,5.485,29
aa,10.792,4.638,30
aa,10.792,3.841,31
aa,10.792,3.312,32
aa,10.792,3.211,33
aa,10.792,3.031,34
aa,10.792,4.186,35
aa,10.792,6.076,36
aa,10.792,4.778,37
aa,10.792,5.101,38
aa,10.792,4.428,39
aa,10.792,3.539,40
aa,10.792,3.623,41
aa,10.792,2.875,42
aa,10.792,3.629,43
aa,10.792,3.407,44
aa,10.792,5.227,45
aa,10.792,4.498,46
aa,10.792,4.664,47
aa,10.792,4.709,48
aa,10.792,4.284,49
aa,10.792,5.049,50
aa,10.792,5.629,51
aa,10.792,5.905,52
aa,10.792,5.148,53
aa,10.792,3.242,54
aa,10.792,3.828,55
aa,10.792,4.185,56
aa,10.792,2.935,57
aa,10.792,4.349,58
aa,10.792,4.278,59
aa,10.792,4.187,60
aa,10.792,4.712,61
aa,10.792,3.637,62
aa,10.792,4.158,63
aa,10.792,3.867,64
aa,10.792,2.77,65
aa,10.792,3.175,66
aa,10.792,4.374,67
aa,10.792,4.294,68
aa,10.792,4.049,69
aa,10.792,3.4,70
aa,10.818,4.335,71
aa,10.818,4.081,72
aa,10.818,4.398,73
aa,10.818,4.071,74
aa,10.818,3.574,75
aa,10.818,3.347,76
aa,10.818,4.415,77
aa,10.823,3.567,78
aa,10.823,3.04,79
aa,10.823,3.804,80
aa,10.823,2.886,81
aa,10.823,4.333,82
aa,10.823,3.663,83
aa,10.823,3.771,84
aa,10.823,3.559,85
aa,10.823,3.859,86
aa,10.823,4.242,87
aa,10.823,3.166,88
aa,10.823,3.015,89
aa,10.823,2.167,90
aa,10.823,3.388,91
aa,10.823,3.981,92
aa,10.823,4.032,93
aa,10.823,3.925,94
aa,10.823,3.67,95
aa,10.823,4.825,96
aa,10.823,2.664,97
aa,10.823,3.555,98
aa,10.823,3.836,99
ac,4.173,2.249,0
ac,5.655,2.117,1
ac,5.655,2.003,2
ac,5.655,2.315,3
ac,5.655,2.154,4
ac,5.729,2.13,5
ac,5.729,2.077,6
ac,5.729,2.027,7
ac,5.729,2.593,8
ac,8.316,2.779,9
ac,8.316,2.869,10
ac,8.316,2.199,11
ac,8.316,2.165,12
ac,8.316,1.859,13
ac,8.316,2.503,14
ac,8.316,2.148,15
ac,9.867,2.75,16
ac,9.867,2.771,17
ac,9.867,2.781,18
ac,9.867,2.304,19
ac,9.867,2.614,20
ac,9.867,2.379,21
ac,9.867,2.744,22
ac,9.867,2.984,23
ac,9.867,2.503,24
ac,9.867,3.046,25
ac,9.867,2.693,26
ac,9.867,2.959,27
ac,9.867,2.691,28
ac,9.867,2.204,29
ac,9.867,2.311,30
ac,9.867,2.671,31
ac,9.867,2.124,32
ac,9.867,2.701,33
ac,9.867,2.753,34
ac,9.867,2.569,35
ac,9.867,2.4,36
ac,9.867,2.805,37
ac,9.867,2.869,38
ac,9.867,3.476,39
ac,9.867,2.262,40
ac,9.867,2.512,41
ac,9.867,2.969,42
ac,9.867,2.775,43
ac,9.867,2.456,44
ac,9.867,2.732,45
ac,9.867,2.748,46
ac,9.867,2.918,47
ac,9.867,2.749,48
ac,9.867,2.893,49
ac,9.867,2.792,50
ac,9.867,2.968,51
ac,9.867,2.957,52
ac,9.867,2.394,53
ac,9.867,2.695,54
ac,9.867,2.327,55
ac,9.867,2.495,56
ac,9.867,2.935,57
ac,9.867,2.384,58
ac,9.867,2.576,59
ac,9.867,2.53,60
ac,9.867,3.074,61
ac,9.867,2.652,62
ac,9.867,3.056,63
ac,9.867,3.05,64
ac,9.867,2.562,65
ac,9.867,2.718,66
ac,9.867,2.368,67
ac,9.867,2.002,68
ac,9.867,2.251,69
ac,9.867,2.176,70
ac,9.867,2.303,71
ac,9.867,2.377,72
ac,9.867,2.47,73
ac,9.867,2.279,74
ac,9.867,2.431,75
ac,9.867,2.597,76
ac,9.867,2.338,77
ac,9.867,2.632,78
ac,9.867,2.339,79
ac,9.867,2.362,80
ac,9.867,2.328,81
ac,9.867,2.941,82
ac,9.867,2.654,83
ac,9.867,2.271,84
ac,9.867,2.619,85
ac,9.867,2.566,86
ac,9.867,2.539,87
ac,9.867,3.287,88
ac,9.867,2.703,89
ac,9.867,2.644,90
ac,9.867,2.497,91
ac,9.867,2.789,92
ac,9.867,2.664,93
ac,9.867,2.412,94
ac,9.867,2.333,95
ac,9.867,2.412,96
ac,9.867,2.414,97
ac,9.867,2.612,98
ac,9.867,3.226,99
ad,2.683,2.137,0
ad,3.33,1.787,1
ad,3.33,1.772,2
ad,3.33,2.053,3
ad,3.33,1.595,4
ad,3.498,2.216,5
ad,3.498,1.91,6
ad,4.091,1.917,7
ad,4.091,2.056,8
ad,4.091,1.915,9
ad,4.091,1.89,10
ad,4.091,1.488,11
ad,4.091,2.063,12
ad,4.091,2.231,13
ad,4.33,2.276,14
ad,4.33,1.689,15
ad,4.33,2.24,16
ad,6.517,2.135,17
ad,6.517,2.132,18
ad,6.517,2.045,19
ad,6.517,1.769,20
ad,6.517,2.309,21
ad,6.517,2.123,22
ad,6.517,1.956,23
ad,6.517,2.112,24
ad,6.517,2.261,25
ad,6.517,2.399,26
ad,6.517,1.941,27
ad,6.517,2.168,28
ad,6.517,2.206,29
ad,6.517,2.316,30
ad,6.517,2.19,31
ad,6.517,1.782,32
ad,6.517,2.073,33
ad,6.517,2.427,34
ad,6.517,2.588,35
ad,6.517,2.064,36
ad,6.517,2.322,37
ad,6.517,2.403,38
ad,6.517,1.909,39
ad,6.517,2.071,40
ad,6.517,2.552,41
ad,6.517,2.506,42
ad,6.517,2.063,43
ad,6.517,1.95,44
ad,6.517,1.972,45
ad,6.565,2.154,46
ad,6.565,2.105,47
ad,6.565,2.599,48
ad,6.565,2.368,49
ad,6.565,2.741,50
ad,6.565,2.338,51
ad,6.565,1.904,52
ad,6.565,2.555,53
ad,6.565,2.381,54
ad,7.559,2.464,55
ad,7.972,2.833,56
ad,7.972,2.391,57
ad,8.183,2.742,58
ad,8.183,2.161,59
ad,8.183,2.243,60
ad,8.183,2.18,61
ad,8.183,2.436,62
ad,8.183,1.809,63
ad,8.183,2.368,64
ad,8.183,2.176,65
ad,8.183,2.104,66
ad,8.183,2.578,67
ad,8.183,2.168,68
ad,8.183,2.334,69
ad,8.183,2.049,70
ad,8.183,2.098,71
ad,8.183,2.782,72
ad,8.183,2.053,73
ad,8.183,2.266,74
ad,8.183,2.051,75
ad,8.183,2.018,76
ad,8.75,2.665,77
ad,8.75,2.765,78
ad,8.75,2.108,79
ad,8.75,2.303,80
ad,8.75,2.03,81
ad,8.75,2.464,82
ad,8.75,1.997,83
ad,8.75,1.898,84
ad,8.75,1.851,85
ad,8.75,1.999,86
ad,8.75,1.751,87
ad,8.75,2.164,88
ad,8.75,2.52,89
ad,8.75,2.305,90
ad,8.938,2.397,91
ad,8.938,2.664,92
ad,8.938,2.112,93
ad,8.938,2.803,94
ad,8.938,2.588,95
ad,8.938,2.131,96
ad,8.938,2.965,97
ad,8.938,2.424,98
ad,8.938,2.168,99
ae,2.595,1.994,0
ae,3.188,1.824,1
ae,3.188,1.904,2
ae,3.188,1.804,3
ae,3.188,1.655,4
ae,3.26,1.357,5
ae,3.26,1.589,6
ae,4.195,1.734,7
ae,5.574,2.045,8
ae,6.28,2.4,9
ae,6.28,2.195,10
ae,6.28,1.773,11
ae,6.28,1.917,12
ae,6.28,2.439,13
ae,6.28,1.958,14
ae,6.28,2.219,15
ae,6.28,2.327,16
ae,6.28,2.308,17
ae,6.28,1.939,18
ae,6.28,1.597,19
ae,6.28,1.828,20
ae,8.141,2.263,21
ae,8.141,1.868,22
ae,8.141,2.022,23
ae,8.141,2.084,24
ae,8.141,2.143,25
ae,8.141,1.734,26
ae,8.141,2.026,27
ae,8.141,1.681,28
ae,8.999,2.251,29
ae,8.999,2.095,30
ae,8.999,1.779,31
ae,8.999,1.917,32
ae,8.999,1.905,33
ae,8.999,2.123,34
ae,8.999,1.906,35
ae,8.999,2.472,36
ae,9.044,2.58,37
ae,9.044,1.852,38
ae,9.044,2.339,39
ae,9.044,2.089,40
ae,9.044,2.132,41
ae,9.044,2.268,42
ae,9.044,2.357,43
ae,9.044,2.214,44
ae,9.044,2.629,45
ae,9.044,2.021,46
ae,9.044,1.967,47
ae,9.044,2.396,48
ae,9.044,2.14,49
ae,9.044,2.045,50
ae,9.044,2.025,51
ae,9.044,2.355,52
ae,9.044,2.43,53
ae,9.044,1.954,54
ae,9.044,2.288,55
ae,9.044,2.252,56
ae,9.044,2.461,57
ae,9.044,2.027,58
ae,9.044,1.914,59
ae,9.044,2.099,60
ae,9.044,2.2,61
ae,9.044,2.45,62
ae,9.044,2.301,63
ae,9.044,2.445,64
ae,9.044,2.111,65
ae,9.044,2.242,66
ae,9.044,1.828,67
ae,9.044,2.474,68
ae,9.044,2.271,69
ae,9.044,2.321,70
ae,9.044,2.389,71
ae,9.044,2.287,72
ae,9.044,2.189,73
ae,9.044,2.634,74
ae,9.044,2.104,75
ae,9.044,1.951,76
ae,9.044,2.271,77
ae,9.044,2.003,78
ae,9.044,2.001,79
ae,9.044,2.038,80
ae,9.044,2.193,81
ae,9.044,2.379,82
ae,9.044,1.759,83
ae,9.044,2.558,84
ae,9.044,1.894,85
ae,9.044,2.31,86
ae,9.044,2.177,87
ae,9.044,2.104,88
ae,9.044,2.14,89
ae,9.044,2.077,90
ae,9.044,2.165,91
ae,9.044,2.621,92
ae,9.044,2.259,93
ae,9.044,2.095,94
ae,9.044,2.319,95
ae,9.044,2.518,96
ae,9.044,2.318,97
ae,9.044,2.096,98
ae,9.044,2.292,99
aa,4.902,2.306,0
aa,5.36,2.436,1
aa,5.36,2.609,2
aa,5.36,2.641,3
aa,6.04,2.581,4
aa,6.04,2.345,5
aa,6.04,2.48,6
aa,6.04,2.562,7
aa,6.04,2.593,8
aa,6.04,2.582,9
aa,6.04,2.756,10
aa,6.04,2.417,11
aa,6.04,2.513,12
aa,6.04,2.52,13
aa,6.04,2.546,14
aa,6.04,2.669,15
aa,6.04,2.46,16
aa,6.537,2.722,17
aa,6.537,2.823,18
aa,6.537,2.576,19
aa,6.537,2.45,20
aa,6.537,2.461,21
aa,6.537,2.691,22
aa,6.537,2.528,23
aa,6.537,2.402,24
aa,6.537,2.619,25
aa,6.537,2.595,26
aa,6.537,2.462,27
aa,6.537,2.554,28
aa,6.537,3.217,29
aa,6.537,2.729,30
aa,6.537,2.767,31
aa,6.537,2.657,32
aa,6.537,2.475,33
aa,6.537,2.699,34
aa,6.537,2.729,35
aa,6.537,2.515,36
aa,7.353,3.625,37
aa,7.353,2.42,38
aa,7.353,2.327,39
aa,7.353,2.401,40
aa,7.353,2.353,41
aa,7.353,2.511,42
aa,7.353,2.439,43
aa,7.353,2.575,44
aa,7.353,2.861,45
aa,7.353,3.031,46
aa,7.353,2.961,47
aa,7.353,3.579,48
aa,7.353,3.285,49
aa,7.353,2.594,50
aa,7.353,3.117,51
aa,7.353,3.172,52
aa,7.353,3.082,53
aa,7.353,2.727,54
aa,7.353,2.776,55
aa,7.353,2.597,56
aa,7.353,3.027,57
aa,7.353,2.917,58
aa,7.353,2.936,59
aa,7.353,2.696,60
aa,7.353,2.74,61
aa,7.353,3.239,62
aa,7.353,3.388,63
aa,7.353,2.931,64
aa,7.353,3.19,65
aa,7.353,2.925,66
aa,7.353,2.739,67
aa,7.353,3.149,68
aa,7.353,3.192,69
aa,7.387,3.188,70
aa,7.387,3.172,71
aa,7.387,2.712,72
aa,7.387,2.795,73
aa,7.387,2.85,74
aa,7.387,2.933,75
aa,7.387,3.156,76
aa,7.387,2.765,77
aa,7.387,3.233,78
aa,7.387,3.59,79
aa,7.387,3.568,80
aa,7.387,2.937,81
aa,7.387,2.49,82
aa,7.387,2.662,83
aa,7.387,2.27,84
aa,7.387,2.584,85
aa,7.387,2.321,86
aa,7.387,2.627,87
aa,7.387,2.94,88
aa,7.387,3.03,89
aa,7.387,2.994,90
aa,7.387,2.631,91
aa,7.387,2.603,92
aa,7.387,2.401,93
aa,7.387,2.964,94
aa,7.387,2.65,95
aa,7.387,3.173,96
aa,7.387,3.274,97
aa,7.387,2.663,98
aa,7.387,2.459,99
ab,3.786,2.343,0
ab,4.736,2.43,1
ab,4.736,2.389,2
ab,5.178,2.509,3
ab,5.178,2.194,4
ab,6.525,2.49,5
ab,6.525,2.494,6
ab,6.525,2.587,7
ab,6.525,2.624,8
ab,6.525,2.706,9
ab,6.598,2.669,10
ab,6.598,2.435,11
ab,6.598,2.848,12
ab,6.598,2.308,13
ab,6.598,2.694,14
ab,6.598,2.381,15
ab,6.598,2.391,16
ab,6.598,2.51,17
ab,6.598,2.336,18
ab,6.598,2.856,19
ab,6.598,2.461,20
ab,6.598,2.582,21
ab,6.602,2.868,22
ab,6.602,2.994,23
ab,6.602,3.724,24
ab,6.602,2.934,25
ab,6.602,2.886,26
ab,6.602,3.027,27
ab,6.602,2.865,28
ab,6.602,3.184,29
ab,6.602,3.536,30
ab,6.602,3.255,31
ab,6.602,2.613,32
ab,6.602,2.676,33
ab,6.602,2.872,34
ab,6.602,3.045,35
ab,6.697,3.485,36
ab,6.697,2.608,37
ab,6.697,2.842,38
ab,6.697,2.583,39
ab,7.013,2.815,40
ab,7.013,3.017,41
ab,7.013,3.043,42
ab,7.013,2.885,43
ab,7.013,3.111,44
ab,7.013,2.688,45
ab,7.013,2.852,46
ab,7.013,3.284,47
ab,7.013,2.795,48
ab,7.013,2.734,49
ab,7.013,2.557,50
ab,7.013,2.493,51
ab,7.013,3.17,52
ab,7.013,2.915,53
ab,7.013,2.676,54
ab,7.013,3.097,55
ab,7.013,2.821,56
ab,7.013,2.42,57
ab,7.013,3.218,58
ab,7.013,3.138,59
ab,7.013,2.738,60
ab,7.013,2.717,61
ab,7.013,2.885,62
ab,7.013,3.178,63
ab,7.013,3.015,64
ab,7.013,2.842,65
ab,7.013,2.919,66
ab,7.013,2.999,67
ab,7.038,2.808,68
ab,7.038,2.928,69
ab,7.038,3.565,70
ab,7.283,3.727,71
ab,7.283,3.727,72
ab,7.517,3.245,73
ab,7.517,3.105,74
ab,7.517,2.398,75
ab,7.517,2.701,76
ab,7.517,2.847,77
ab,7.517,2.942,78
ab,7.517,2.879,79
ab,7.517,2.978,80
ab,7.517,3.211,81
ab,7.517,3.124,82
ab,7.517,3.081,83
ab,7.517,3.013,84
ab,7.517,2.876,85
ab,7.517,2.559,86
ab,7.517,2.663,87
ab,7.517,2.651,88
ab,7.517,2.677,89
ab,7.517,2.484,90
ab,7.517,2.759,91
ab,7.517,2.764,92
ab,7.517,2.882,93
ab,7.517,2.467,94
ab,7.517,2.813,95
ab,7.517,2.866,96
ab,7.517,3.094,97
ab,7.517,3.218,98
ab,7.517,2.895,99
ac,3.671,2.207,0
ac,3.671,2.115,1
ac,3.671,1.823,2
ac,5.528,2.133,3
ac,5.528,2.339,4
ac,5.528,2.454,5
ac,5.528,2.347,6
ac,5.861,2.529,7
ac,5.861,2.606,8
ac,6.177,2.066,9
ac,6.177,2.586,10
ac,6.177,2.445,11
ac,6.557,2.571,12
ac,6.557,2.232,13
ac,6.557,1.888,14
ac,6.979,2.916,15
ac,6.979,3.079,16
ac,6.979,2.484,17
ac,7.137,2.914,18
ac,7.137,2.502,19
ac,7.137,2.549,20
ac,7.137,2.458,21
ac,7.137,2.396,22
ac,7.137,2.313,23
ac,7.137,1.999,24
ac,7.137,2.678,25
ac,7.137,2.412,26
ac,7.137,2.319,27
ac,7.137,2.555,28
ac,7.137,2.665,29
ac,7.137,2.503,30
ac,7.137,1.985,31
ac,7.137,2.788,32
ac,7.137,2.417,33
ac,7.137,2.842,34
ac,7.137,2.745,35
ac,7.137,2.782,36
ac,7.137,3.061,37
ac,7.137,2.259,38
ac,7.137,2.265,39
ac,7.137,2.332,40
ac,7.137,2.271,41
ac,7.137,2.362,42
ac,7.137,2.867,43
ac,7.137,2.721,44
ac,7.137,2.2,45
ac,7.137,2.053,46
ac,7.137,2.089,47
ac,7.137,2.229,48
ac,7.137,2.178,49
ac,7.137,2.386,50
ac,7.137,2.242,51
ac,7.137,2.302,52
ac,7.137,2.597,53
ac,7.137,2.363,54
ac,7.137,2.318,55
ac,7.137,2.82,56
ac,7.137,2.143,57
ac,7.137,2.537,58
ac,7.137,2.291,59
ac,7.642,2.501,60
ac,7.642,2.293,61
ac,7.642,2.612,62
ac,7.642,2.43,63
ac,7.642,2.188,64
ac,7.642,2.621,65
ac,7.642,2.606,66
ac,7.642,2.894,67
ac,7.642,2.824,68
ac,7.642,2.237,69
ac,7.642,2.199,70
ac,7.642,2.177,71
ac,7.642,2.356,72
ac,7.642,2.364,73
ac,7.642,2.478,74
ac,7.642,3.342,75
ac,7.642,2.154,76
ac,7.642,2.429,77
ac,7.642,2.564,78
ac,7.642,2.431,79
ac,7.642,2.257,80
ac,7.642,2.264,81
ac,7.642,2.426,82
ac,7.642,2.297,83
ac,7.642,2.25,84
ac,7.642,2.116,85
ac,7.642,2.464,86
ac,7.642,2.272,87
ac,9.531,2.976,88
ac,9.531,2.897,89
ac,9.531,2.379,90
ac,9.531,2.274,91
ac,9.531,2.758,92
ac,9.531,2.595,93
ac,9.531,2.534,94
ac,9.531,2.994,95
ac,9.531,2.671,96
ac,9.531,2.476,97
ac,9.531,2.352,98
ac,9.531,2.526,99
ad,6.471,2.638,0
ad,6.792,2.558,1
ad,6.792,2.154,2
ad,6.792,1.941,3
ad,6.792,1.772,4
ad,6.792,2.424,5
ad,6.792,2.63,6
ad,6.792,1.981,7
ad,6.792,2.543,8
ad,6.792,1.989,9
ad,6.792,2.009,10
ad,6.792,1.691,11
ad,6.792,1.927,12
ad,6.792,2.008,13
ad,6.792,2.2,14
ad,6.792,2.411,15
ad,6.792,1.8,16
ad,6.792,2.432,17
ad,6.792,1.749,18
ad,6.792,1.652,19
ad,6.792,1.996,20
ad,6.792,2.286,21
ad,6.792,2.134,22
ad,6.792,2.256,23
ad,6.792,2.547,24
ad,6.792,2.036,25
ad,6.792,1.957,26
ad,6.792,1.902,27
ad,7.059,2.579,28
ad,7.059,1.864,29
ad,7.059,2.443,30
ad,7.059,2.364,31
ad,7.059,2.017,32
ad,7.059,2.256,33
ad,7.059,2.203,34
ad,7.059,2.512,35
ad,7.059,1.955,36
ad,7.059,2.052,37
ad,7.059,2.004,38
ad,7.059,2.374,39
ad,7.059,2.227,40
ad,7.059,2.013,41
ad,7.059,2.144,42
ad,7.059,2.007,43
ad,7.059,2.135,44
ad,7.059,2.16,45
ad,7.059,2.113,46
ad,7.059,2.263,47
ad,7.059,2.128,48
ad,7.059,1.787,49
ad,7.059,1.911,50
ad,7.059,2.296,51
ad,7.059,1.604,52
ad,7.059,1.69,53
ad,7.059,1.643,54
ad,7.059,2.373,55
ad,7.059,1.781,56
ad,7.059,2.494,57
ad,7.059,2.342,58
ad,7.059,2.167,59
ad,7.059,1.848,60
ad,7.059,2.143,61
ad,7.059,2.254,62
ad,7.059,2.349,63
ad,7.059,1.967,64
ad,7.059,1.535,65
ad,7.059,1.858,66
ad,7.059,2.065,67
ad,7.059,2.249,68
ad,7.059,2.352,69
ad,7.059,2.428,70
ad,7.059,2.135,71
ad,7.059,2.006,72
ad,7.059,2.253,73
ad,7.059,1.754,74
ad,7.059,1.776,75
ad,7.059,2.104,76
ad,7.059,2.1,77
ad,7.059,2.058,78
ad,7.059,1.983,79
ad,7.059,2.043,80
ad,7.059,2.656,81
ad,7.059,1.729,82
ad,7.059,2.264,83
ad,7.059,2.703,84
ad,7.059,2.225,85
ad,7.086,2.217,86
ad,7.086,1.831,87
ad,7.086,2.745,88
ad,7.086,1.967,89
ad,7.086,1.711,90
ad,7.086,1.506,91
ad,7.086,2.055,92
ad,7.086,1.884,93
ad,7.086,2.003,94
ad,7.086,1.849,95
ad,7.086,1.946,96
ad,7.086,1.975,97
ad,7.086,2.411,98
ad,7.086,2.157,99
ae,3.581,2.25,0
ae,5.096,2.023,1
ae,5.096,1.948,2
ae,5.532,2.181,3
ae,5.532,1.859,4
ae,5.532,2.041,5
ae,5.532,2.054,6
ae,5.532,1.923,7
ae,5.532,2.026,8
ae,5.532,1.812,9
ae,5.532,1.795,10
ae,7.274,2.214,11
ae,7.274,2.267,12
ae,7.274,2.011,13
ae,7.274,2.008,14
ae,7.274,1.697,15
ae,7.274,2.757,16
ae,7.274,1.604,17
ae,7.274,2.079,18
ae,7.578,2.414,19
ae,7.578,2.109,20
ae,7.578,1.895,21
ae,7.578,2.459,22
ae,7.578,2.195,23
ae,7.578,2.352,24
ae,7.578,2.287,25
ae,7.578,1.761,26
ae,7.578,2.403,27
ae,7.578,2.276,28
ae,7.578,2.631,29
ae,7.578,2.524,30
ae,7.578,2.044,31
ae,7.578,1.894,32
ae,7.578,1.871,33
ae,8.315,2.372,34
ae,8.315,2.249,35
ae,8.315,1.288,36
ae,8.315,1.492,37
ae,8.315,1.728,38
ae,8.315,2.268,39
ae,8.315,1.817,40
ae,8.315,1.754,41
ae,8.315,1.921,42
ae,8.315,1.588,43
ae,8.315,1.83,44
ae,8.315,1.678,45
ae,8.315,2.257,46
ae,8.315,1.617,47
ae,8.315,1.559,48
ae,8.315,1.979,49
ae,8.315,1.472,50
ae,8.315,1.829,51
ae,8.315,1.566,52
ae,8.315,1.554,53
ae,8.315,1.556,54
ae,8.315,1.826,55
ae,8.315,1.875,56
ae,8.315,2.028,57
ae,8.315,1.592,58
ae,8.315,1.747,59
ae,8.315,1.396,60
ae,8.315,1.77,61
ae,8.315,1.677,62
ae,8.315,1.783,63
ae,8.315,1.715,64
ae,8.315,1.4,65
ae,8.315,1.336,66
ae,8.315,1.83,67
ae,8.315,1.894,68
ae,8.315,1.639,69
ae,8.315,1.222,70
ae,8.315,1.763,71
ae,8.315,1.863,72
ae,8.315,1.576,73
ae,8.315,1.232,74
ae,8.315,1.543,75
ae,8.315,1.362,76
ae,8.315,2.135,77
ae,8.315,1.595,78
ae,8.315,1.88,79
ae,8.315,1.68,80
ae,8.315,1.6,81
ae,8.315,1.752,82
ae,8.315,1.704,83
ae,8.315,1.542,84
ae,8.315,1.779,85
ae,8.315,1.753,86
ae,8.315,1.541,87
ae,8.315,1.829,88
ae,8.315,1.656,89
ae,8.315,1.854,90
ae,8.315,1.474,91
ae,8.315,1.755,92
ae,8.315,1.861,93
ae,8.315,1.775,94
ae,8.315,2.095,95
ae,8.315,2.261,96
ae,8.315,1.711,97
ae,8.315,1.751,98
ae,8.315,1.902,99
aa,5.623,2.444,0
aa,5.623,2.45,1
aa,5.623,2.795,2
aa,5.623,2.295,3
aa,5.623,2.322,4
aa,5.623,2.512,5
aa,5.623,2.39,6
aa,5.623,2.423,7
aa,5.623,2.513,8
aa,5.623,2.533,9
aa,5.937,2.441,10
aa,5.937,2.507,11
aa,5.937,2.538,12
aa,5.937,2.477,13
aa,5.937,2.128,14
aa,5.937,2.234,15
aa,5.937,2.297,16
aa,5.937,2.331,17
aa,5.937,2.626,18
aa,5.937,2.443,19
aa,5.937,2.372,20
aa,5.937,2.399,21
aa,5.937,2.445,22
aa,5.937,2.342,23
aa,5.937,2.595,24
aa,5.937,2.162,25
aa,5.937,2.343,26
aa,5.937,2.847,27
aa,5.937,2.489,28
aa,5.937,2.377,29
aa,5.937,2.495,30
aa,5.937,2.141,31
aa,5.937,2.744,32
aa,5.937,2.32,33
aa,5.937,2.446,34
aa,5.937,2.36,35
aa,5.937,2.066,36
aa,5.937,2.365,37
aa,5.937,2.252,38
aa,5.937,2.188,39
aa,5.937,2.716,40
aa,5.937,2.428,41
aa,5.937,2.536,42
aa,5.937,2.698,43
aa,5.937,2.779,44
aa,5.937,2.673,45
aa,5.937,2.327,46
aa,5.937,2.459,47
aa,5.937,2.489,48
aa,5.937,2.525,49
aa,5.937,2.251,50
aa,5.937,2.478,51
aa,5.937,2.258,52
aa,5.937,2.115,53
aa,5.937,2.174,54
aa,5.937,2.142,55
aa,5.937,2.5,56
aa,5.937,2.552,57
aa,5.937,2.677,58
aa,5.937,2.909,59
aa,5.937,2.459,60
aa,5.937,2.381,61
aa,5.937,2.707,62
aa,5.937,2.417,63
aa,5.937,2.483,64
aa,5.937,2.355,65
aa,5.937,2.358,66
aa,5.937,2.261,67
aa,5.937,2.239,68
aa,5.937,2.186,69
aa,5.937,2.515,70
aa,5.937,2.3,71
aa,5.937,2.115,72
aa,5.937,2.061,73
aa,5.937,2.288,74
aa,5.937,2.3,75
aa,5.937,2.435,76
aa,5.937,2.428,77
aa,5.937,2.896,78
aa,5.937,2.547,79
aa,5.937,2.481,80
aa,5.937,2.435,81
aa,5.937,2.459,82
aa,5.937,2.178,83
aa,5.937,2.251,84
aa,5.937,2.478,85
aa,5.937,2.202,86
aa,6.948,2.619,87
aa,6.948,2.421,88
aa,6.948,2.818,89
aa,6.948,2.592,90
aa,6.948,2.286,91
aa,6.948,2.502,92
aa,6.948,2.44,93
aa,6.948,2.391,94
aa,6.948,2.614,95
aa,6.948,2.497,96
aa,6.948,2.137,97
aa,6.948,2.247,98
aa,6.948,2.453,99
ab,3.733,2.329,0
ab,3.733,2.247,1
ab,3.733,2.343,2
ab,3.733,2.189,3
ab,3.967,2.039,4
ab,5.086,2.268,5
ab,5.086,2.407,6
ab,6.129,2.649,7
ab,6.129,1.823,8
ab,7.251,3.329,9
ab,7.431,3.641,10
ab,7.431,3.012,11
ab,7.431,3.563,12
ab,7.431,3.582,13
ab,7.431,2.835,14
ab,7.431,1.941,15
ab,7.443,2.448,16
ab,7.491,3.3,17
ab,7.491,3.382,18
ab,7.491,3.083,19
ab,7.491,3.207,20
ab,7.491,3.187,21
ab,7.491,2.962,22
ab,7.491,2.754,23
ab,7.491,3.331,24
ab,7.491,2.992,25
ab,7.491,2.853,26
ab,7.491,3.026,27
ab,7.601,3.223,28
ab,7.794,2.993,29
ab,8.011,3.733,30
ab,8.011,2.993,31
ab,8.011,2.739,32
ab,8.406,4.162,33
ab,8.406,3.415,34
ab,8.406,2.835,35
ab,8.406,3.665,36
ab,8.406,2.987,37
ab,8.406,3.214,38
ab,8.406,2.76,39
ab,8.574,3.658,40
ab,8.574,3.239,41
ab,8.574,2.836,42
ab,8.574,2.753,43
ab,8.574,2.813,44
ab,8.574,3.171,45
ab,8.574,3.311,46
ab,8.574,2.472,47
ab,8.574,3.03,48
ab,8.574,2.747,49
ab,8.574,2.707,50
ab,8.574,2.449,51
ab,8.574,2.692,52
ab,8.574,2.693,53
ab,8.574,2.494,54
ab,8.574,3.088,55
ab,8.574,3.153,56
ab,8.574,2.86,57
ab,8.574,3.012,58
ab,8.574,2.718,59
ab,8.574,2.411,60
ab,8.574,2.681,61
ab,8.574,2.616,62
ab,8.574,2.713,63
ab,8.574,3.225,64
ab,8.574,2.379,65
ab,8.574,2.247,66
ab,8.574,2.327,67
ab,8.574,2.75,68
ab,8.574,2.921,69
ab,8.574,2.277,70
ab,8.574,2.885,71
ab,8.574,3.609,72
ab,8.574,2.737,73
ab,8.574,3.005,74
ab,8.574,2.995,75
ab,8.574,2.299,76
ab,8.574,3.28,77
ab,8.574,2.571,78
ab,8.574,2.656,79
ab,8.574,2.196,80
ab,8.574,2.466,81
ab,8.574,2.334,82
ab,8.574,2.818,83
ab,8.574,3.417,84
ab,8.574,3.751,85
ab,8.574,3.594,86
ab,8.574,3.19,87
ab,8.574,2.702,88
ab,8.574,2.773,89
ab,8.574,3.136,90
ab,8.744,3.032,91
ab,8.744,3.268,92
ab,8.744,2.455,93
ab,8.744,2.56,94
ab,8.744,3.096,95
ab,8.744,2.867,96
ab,8.744,2.926,97
ab,8.744,2.62,98
ab,8.744,2.639,99
ac,4.53,2.13,0
ac,4.53,2.259,1
ac,4.53,2.347,2
ac,4.588,2.406,3
ac,4.588,2.162,4
ac,4.588,2.501,5
ac,4.588,1.961,6
ac,4.588,1.985,7
ac,4.588,2.164,8
ac,4.588,1.93,9
ac,4.588,2.25,10
ac,4.588,2.07,11
ac,4.588,2.386,12
ac,4.588,1.797,13
ac,4.588,2.283,14
ac,4.588,2.186,15
ac,6.097,2.238,16
ac,6.097,2.692,17
ac,6.097,2.199,18
ac,6.097,2.682,19
ac,6.097,2.377,20
ac,6.097,2.214,21
ac,6.097,2.258,22
ac,6.097,2.083,23
ac,6.097,2.112,24
ac,6.097,2.188,25
ac,6.097,2.278,26
ac,6.097,2.191,27
ac,6.097,2.164,28
ac,6.097,2.279,29
ac,6.097,2.05,30
ac,6.097,2.044,31
ac,6.097,2.108,32
ac,6.097,2.127,33
ac,6.097,1.906,34
ac,6.97,1.967,35
ac,6.97,1.797,36
ac,6.97,2.446,37
ac,6.97,2.121,38
ac,6.97,2.187,39
ac,6.97,2.319,40
ac,6.97,2.239,41
ac,6.97,2.617,42
ac,6.97,2.456,43
ac,7.04,2.56,44
ac,7.04,2.054,45
ac,7.04,2.648,46
ac,7.25,2.675,47
ac,7.25,2.318,48
ac,7.25,2.459,49
ac,7.25,2.761,50
ac,7.25,2.551,51
ac,7.25,2.017,52
ac,7.25,2.171,53
ac,7.25,2.104,54
ac,7.25,2.385,55
ac,7.25,2.528,56
ac,7.25,1.934,57
ac,7.25,1.89,58
ac,7.542,2.622,59
ac,7.542,2.879,60
ac,8.707,3.268,61
ac,8.707,3.253,62
ac,8.707,2.458,63
ac,8.707,2.286,64
ac,8.707,3.524,65
ac,8.707,2.503,66
ac,8.707,3.055,67
ac,8.707,2.966,68
ac,8.707,2.814,69
ac,8.707,3.079,70
ac,8.707,2.815,71
ac,8.707,2.695,72
ac,8.707,2.68,73
ac,8.707,2.339,74
ac,8.707,2.719,75
ac,8.707,2.578,76
ac,8.707,2.649,77
ac,8.707,3.196,78
ac,8.707,2.401,79
ac,9.07,2.582,80
ac,9.07,3.369,81
ac,9.721,3.717,82
ac,9.721,3.08,83
ac,9.721,2.407,84
ac,9.721,3.195,85
ac,9.721,3.184,86
ac,9.721,3.324,87
ac,9.721,3.399,88
ac,9.721,2.773,89
ac,9.834,3.119,90
ac,9.834,3.698,91
ac,9.834,2.671,92
ac,9.834,2.451,93
ac,9.834,2.861,94
ac,9.834,2.691,95
ac,9.834,3.316,96
ac,9.834,2.706,97
ac,9.834,3.43,98
ac,9.834,2.672,99
ad,3.183,2.2,0
ad,3.183,1.767,1
ad,4.199,2.098,2
ad,4.199,1.503,3
ad,4.199,1.728,4
ad,5.394,2.359,5
ad,5.394,2.288,6
ad,5.394,2.057,7
ad,5.394,2.208,8
ad,5.394,2.049,9
ad,5.394,2.267,10
ad,5.394,1.802,11
ad,5.653,2.135,12
ad,5.653,2.036,13
ad,5.793,2.265,14
ad,5.793,1.733,15
ad,5.793,2.125,16
ad,5.793,1.947,17
ad,5.793,1.957,18
ad,6.203,1.991,19
ad,6.203,1.574,20
ad,6.203,1.737,21
ad,7.84,2.392,22
ad,7.84,1.822,23
ad,7.84,2.389,24
ad,7.84,1.762,25
ad,7.84,2.613,26
ad,7.84,2.197,27
ad,7.84,1.737,28
ad,7.84,2.128,29
ad,7.84,2.018,30
ad,7.84,2.148,31
ad,7.84,2.02,32
ad,7.84,2.264,33
ad,7.84,2.085,34
ad,7.84,2.337,35
ad,7.84,2.44,36
ad,7.84,2.376,37
ad,7.84,2.049,38
ad,7.84,2.109,39
ad,7.84,1.844,40
ad,7.84,1.366,41
ad,7.84,1.966,42
ad,7.84,1.437,43
ad,7.84,2.03,44
ad,7.84,2.014,45
ad,7.84,1.99,46
ad,7.84,2.414,47
ad,7.84,2.362,48
ad,7.84,2.0,49
ad,7.84,1.766,50
ad,7.84,1.863,51
ad,7.84,1.748,52
ad,7.84,2.132,53
ad,7.84,2.007,54
ad,7.84,2.423,55
ad,7.84,1.846,56
ad,7.84,1.961,57
ad,7.84,1.639,58
ad,7.84,1.874,59
ad,7.84,1.805,60
ad,7.84,1.533,61
ad,7.84,1.894,62
ad,7.84,1.895,63
ad,7.84,2.284,64
ad,7.84,1.758,65
ad,7.84,1.888,66
ad,7.84,2.131,67
ad,7.84,1.67,68
ad,7.84,1.629,69
ad,8.264,2.153,70
ad,8.264,1.909,71
ad,8.264,1.714,72
ad,8.264,1.924,73
ad,8.264,2.203,74
ad,8.264,2.033,75
ad,8.264,2.289,76
ad,8.264,2.105,77
ad,8.264,2.776,78
ad,8.264,2.72,79
ad,8.264,1.962,80
ad,8.264,2.31,81
ad,8.264,1.973,82
ad,8.264,2.346,83
ad,8.264,1.841,84
ad,8.264,1.662,85
ad,8.264,1.597,86
ad,8.264,2.042,87
ad,8.264,1.87,88
ad,8.264,1.706,89
ad,8.264,1.988,90
ad,8.264,2.562,91
ad,8.264,2.508,92
ad,8.264,2.187,93
ad,8.264,2.078,94
ad,8.264,1.867,95
ad,8.264,2.249,96
ad,8.264,2.545,97
ad,8.264,2.561,98
ad,8.264,2.258,99
ae,3.262,2.286,0
ae,6.307,1.727,1
ae,6.961,2.436,2
ae,7.151,2.604,3
ae,7.151,2.038,4
ae,7.151,1.679,5
ae,7.151,2.388,6
ae,7.151,1.984,7
ae,7.151,2.32,8
ae,8.005,2.614,9
ae,10.445,2.859,10
ae,10.445,2.533,11
ae,10.445,2.524,12
ae,10.445,2.298,13
ae,10.445,3.009,14
ae,10.445,2.623,15
ae,10.445,2.662,16
ae,10.445,2.431,17
ae,10.445,2.614,18
ae,10.445,2.761,19
ae,10.445,2.478,20
ae,10.445,2.434,21
ae,10.445,2.689,22
ae,10.445,2.415,23
ae,10.445,2.897,24
ae,10.445,2.388,25
ae,10.445,2.24,26
ae,10.445,2.817,27
ae,10.445,2.652,28
ae,10.445,2.366,29
ae,10.445,2.659,30
ae,10.445,2.229,31
ae,10.445,2.848,32
ae,10.445,2.864,33
ae,10.445,2.384,34
ae,10.445,2.324,35
ae,10.445,1.997,36
ae,10.445,2.692,37
ae,10.445,2.467,38
ae,10.445,2.606,39
ae,10.445,2.043,40
ae,10.445,2.23,41
ae,10.445,2.437,42
ae,10.821,3.118,43
ae,10.821,2.472,44
ae,10.821,2.98,45
ae,10.821,2.402,46
ae,10.821,2.091,47
ae,10.821,2.546,48
ae,10.821,2.08,49
ae,10.821,2.379,50
ae,10.821,1.923,51
ae,10.821,2.448,52
ae,10.821,2.374,53
ae,10.821,2.313,54
ae,10.821,2.021,55
ae,10.821,2.438,56
ae,10.821,2.166,57
ae,10.821,2.118,58
ae,10.821,2.145,59
ae,10.821,2.148,60
ae,10.821,2.216,61
ae,10.821,2.133,62
ae,10.821,2.349,63
ae,10.821,2.229,64
ae,10.821,2.509,65
ae,10.821,2.838,66
ae,10.821,2.211,67
ae,10.821,1.829,68
ae,10.821,2.202,69
ae,10.821,2.296,70
ae,10.821,2.595,71
ae,10.821,2.464,72
ae,10.821,2.185,73
ae,10.821,2.042,74
ae,10.821,2.08,75
ae,10.821,2.123,76
ae,10.821,1.888,77
ae,10.821,2.333,78
ae,10.821,2.351,79
ae,10.821,2.401,80
ae,10.821,1.998,81
ae,10.821,2.437,82
ae,10.821,2.722,83
ae,10.821,2.37,84
ae,10.821,2.162,85
ae,10.821,2.153,86
ae,10.821,2.205,87
ae,10.821,2.247,88
ae,10.821,2.539,89
ae,10.821,2.391,90
ae,10.821,1.961,91
ae,10.821,2.142,92
ae,10.821,2.0,93
ae,10.821,2.146,94
ae,10.821,2.402,95
ae,10.821,2.524,96
ae,10.821,2.353,97
ae,10.821,2.347,98
ae,10.821,2.491,99
aa,2.58,2.048,0
aa,2.828,2.16,1
aa,2.828,2.048,2
aa,2.828,2.023,3
aa,4.09,2.137,4
aa,4.09,2.292,5
aa,4.09,2.39,6
aa,4.09,2.479,7
aa,5.319,2.348,8
aa,5.319,2.257,9
aa,5.319,2.325,10
aa,5.319,2.545,11
aa,5.319,2.324,12
aa,5.319,1.931,13
aa,5.319,2.38,14
aa,5.319,2.35,15
aa,5.319,2.58,16
aa,5.319,2.404,17
aa,5.319,2.419,18
aa,5.319,2.219,19
aa,5.319,2.203,20
aa,5.319,2.273,21
aa,5.319,2.35,22
aa,5.319,2.612,23
aa,5.319,2.36,24
aa,5.319,2.354,25
aa,5.319,2.219,26
aa,5.319,2.215,27
aa,5.319,2.367,28
aa,5.319,2.463,29
aa,5.319,2.449,30
aa,5.319,2.545,31
aa,5.319,2.54,32
aa,5.319,2.565,33
aa,5.319,2.264,34
aa,5.319,2.29,35
aa,5.319,2.456,36
aa,5.319,2.533,37
aa,5.319,2.317,38
aa,5.319,2.516,39
aa,5.319,2.859,40
aa,5.319,2.63,41
aa,5.319,2.664,42
aa,5.319,2.527,43
aa,5.319,2.491,44
aa,5.319,2.285,45
aa,5.319,2.359,46
aa,5.319,2.425,47
aa,5.319,2.697,48
aa,5.616,2.833,49
aa,5.616,2.745,50
aa,5.616,2.585,51
aa,5.616,2.45,52
aa,5.616,2.816,53
aa,5.646,2.917,54
aa,5.646,2.587,55
aa,5.646,2.492,56
aa,5.646,2.505,57
aa,5.646,2.354,58
aa,5.646,2.68,59
aa,5.646,2.417,60
aa,6.288,2.596,61
aa,6.288,2.472,62
aa,6.288,2.491,63
aa,6.288,2.484,64
aa,6.288,2.222,65
aa,6.288,2.153,66
aa,6.288,2.431,67
aa,6.288,2.361,68
aa,6.288,2.322,69
aa,6.288,2.744,70
aa,6.288,2.367,71
aa,6.288,2.477,72
aa,6.288,2.372,73
aa,6.288,2.401,74
aa,6.288,2.852,75
aa,6.288,2.091,76
aa,6.288,2.298,77
aa,6.288,2.474,78
aa,6.288,2.395,79
aa,6.288,2.693,80
aa,6.288,2.382,81
aa,6.288,2.576,82
aa,6.288,2.702,83
aa,6.288,2.621,84
aa,6.293,2.992,85
aa,6.293,2.473,86
aa,6.293,2.328,87
aa,6.293,2.448,88
aa,6.293,2.449,89
aa,6.293,2.566,90
aa,6.293,2.636,91
aa,6.293,2.17,92
aa,6.293,2.53,93
aa,6.293,2.244,94
aa,6.293,2.158,95
aa,6.293,2.542,96
aa,6.293,3.046,97
aa,6.293,2.688,98
aa,6.293,2.516,99
ab,3.231,2.126,0
ab,5.245,2.303,1
ab,5.245,2.335,2
ab,5.245,2.133,3
ab,5.245,2.161,4
ab,5.245,2.116,5
ab,5.245,2.122,6
ab,5.245,2.088,7
ab,5.245,2.331,8
ab,5.245,2.783,9
ab,5.245,2.95,10
ab,5.324,2.738,11
ab,5.324,2.586,12
ab,5.324,2.557,13
ab,5.324,2.441,14
ab,5.324,2.33,15
ab,5.324,2.341,16
ab,5.324,2.259,17
ab,5.324,2.393,18
ab,5.324,2.537,19
ab,5.324,2.268,20
ab,5.324,2.286,21
ab,5.324,2.064,22
ab,5.324,2.131,23
ab,5.324,2.352,24
ab,5.324,2.646,25
ab,5.324,2.421,26
ab,5.324,2.639,27
ab,5.47,2.32,28
ab,5.47,2.524,29
ab,5.47,2.522,30
ab,5.47,2.556,31
ab,5.47,2.321,32
ab,5.47,2.5,33
ab,5.47,2.593,34
ab,5.47,2.122,35
ab,5.47,2.421,36
ab,5.47,3.043,37
ab,6.253,2.939,38
ab,6.253,2.991,39
ab,6.253,2.745,40
ab,6.253,2.318,41
ab,6.253,2.732,42
ab,7.059,3.496,43
ab,7.059,2.921,44
ab,7.059,2.613,45
ab,7.059,2.527,46
ab,7.205,2.766,47
ab,7.205,2.85,48
ab,7.205,3.024,49
ab,7.205,2.897,50
ab,7.205,3.385,51
ab,7.205,3.143,52
ab,7.205,2.923,53
ab,7.205,3.276,54
ab,7.205,3.049,55
ab,7.205,2.705,56
ab,7.205,2.826,57
ab,7.205,2.962,58
ab,7.205,2.404,59
ab,7.205,2.508,60
ab,7.205,2.513,61
ab,7.205,2.806,62
ab,7.205,2.76,63
ab,7.205,2.873,64
ab,7.205,3.182,65
ab,7.205,3.532,66
ab,7.205,3.036,67
ab,7.205,2.739,68
ab,7.205,3.08,69
ab,7.205,2.974,70
ab,7.205,2.817,71
ab,7.205,3.258,72
ab,7.205,2.898,73
ab,7.205,2.515,74
ab,7.205,2.929,75
ab,7.205,2.653,76
ab,7.205,2.56,77
ab,7.205,2.711,78
ab,7.205,2.946,79
ab,7.205,2.437,80
ab,7.205,2.976,81
ab,7.205,2.911,82
ab,7.205,2.62,83
ab,7.205,2.662,84
ab,7.205,2.912,85
ab,7.205,2.551,86
ab,7.205,3.054,87
ab,7.205,2.999,88
ab,7.205,2.362,89
ab,7.205,2.717,90
ab,7.851,3.494,91
ab,8.305,3.167,92
ab,8.305,2.989,93
ab,8.305,3.163,94
ab,8.305,3.635,95
ab,8.305,3.221,96
ab,8.305,4.562,97
ab,8.305,2.687,98
ab,8.305,2.603,99
ac,4.353,2.374,0
ac,4.353,2.107,1
ac,4.353,2.321,2
ac,4.96,2.111,3
ac,4.96,2.308,4
ac,4.96,1.946,5
ac,4.96,2.354,6
ac,4.96,2.172,7
ac,4.96,2.377,8
ac,4.96,2.288,9
ac,6.03,2.592,10
ac,6.03,2.449,11
ac,6.03,2.216,12
ac,6.03,2.151,13
ac,6.03,2.385,14
ac,6.03,2.239,15
ac,6.03,2.304,16
ac,6.03,2.459,17
ac,6.03,2.311,18
ac,6.03,2.177,19
ac,6.635,2.412,20
ac,6.635,2.534,21
ac,6.635,2.308,22
ac,6.635,2.258,23
ac,6.635,2.329,24
ac,6.635,2.257,25
ac,6.635,2.412,26
ac,6.635,2.257,27
ac,6.635,2.308,28
ac,6.635,2.186,29
ac,6.635,2.271,30
ac,6.635,2.231,31
ac,6.635,2.042,32
ac,6.635,2.596,33
ac,6.635,2.723,34
ac,6.635,2.644,35
ac,6.635,2.112,36
ac,6.635,2.276,37
ac,6.635,2.381,38
ac,7.468,2.78,39
ac,7.468,2.726,40
ac,7.468,2.445,41
ac,7.468,2.081,42
ac,7.468,2.559,43
ac,7.468,2.376,44
ac,7.468,2.043,45
ac,7.468,2.1,46
ac,7.468,2.205,47
ac,7.468,2.904,48
ac,7.468,2.502,49
ac,7.468,2.933,50
ac,7.468,2.225,51
ac,7.468,2.32,52
ac,7.468,2.381,53
ac,7.468,2.677,54
ac,7.468,2.062,55
ac,7.468,2.95,56
ac,7.468,2.579,57
ac,7.468,2.357,58
ac,7.468,2.062,59
ac,7.468,2.25,60
ac,7.468,2.542,61
ac,7.468,2.166,62
ac,7.468,2.36,63
ac,7.468,2.803,64
ac,7.468,2.275,65
ac,7.468,2.533,66
ac,7.468,2.064,67
ac,7.468,1.975,68
ac,7.468,2.129,69
ac,7.468,2.473,70
ac,7.468,2.914,71
ac,7.468,2.308,72
ac,7.468,2.528,73
ac,7.468,2.185,74
ac,7.468,2.096,75
ac,7.468,2.349,76
ac,7.468,2.02,77
ac,7.468,2.161,78
ac,7.468,2.197,79
ac,7.468,2.416,80
ac,7.485,2.682,81
ac,7.485,2.843,82
ac,7.485,3.122,83
ac,7.485,2.37,84
ac,7.485,2.386,85
ac,7.485,2.195,86
ac,7.485,2.476,87
ac,7.485,2.586,88
ac,7.485,2.517,89
ac,7.485,2.623,90
ac,7.485,2.026,91
ac,7.485,2.876,92
ac,7.485,2.589,93
ac,7.485,2.336,94
ac,7.485,1.867,95
ac,7.485,2.421,96
ac,7.485,2.185,97
ac,7.485,2.556,98
ac,7.485,2.754,99
ad,2.982,2.162,0
ad,3.015,1.896,1
ad,3.193,1.523,2
ad,3.211,1.648,3
ad,3.251,1.895,4
ad,4.14,1.963,5
ad,6.345,2.316,6
ad,6.345,1.859,7
ad,6.345,2.156,8
ad,6.345,2.407,9
ad,6.345,2.627,10
ad,6.345,2.434,11
ad,6.345,2.507,12
ad,6.345,2.152,13
ad,6.345,2.217,14
ad,6.345,2.588,15
ad,6.345,2.055,16
ad,6.345,2.347,17
ad,6.345,1.92,18
ad,6.345,2.52,19
ad,6.345,2.351,20
ad,6.345,2.261,21
ad,6.345,2.281,22
ad,6.345,2.056,23
ad,6.345,2.029,24
ad,6.345,1.919,25
ad,6.345,2.241,26
ad,6.345,2.158,27
ad,6.345,2.633,28
ad,6.345,2.051,29
ad,6.345,2.109,30
ad,6.345,2.228,31
ad,6.345,2.369,32
ad,6.345,2.335,33
ad,6.9,2.657,34
ad,6.9,2.416,35
ad,6.987,2.441,36
ad,6.987,2.352,37
ad,6.987,2.184,38
ad,6.987,2.475,39
ad,6.987,1.904,40
ad,6.987,2.164,41
ad,6.987,2.215,42
ad,6.987,2.136,43
ad,6.987,2.188,44
ad,6.987,2.343,45
ad,6.987,2.121,46
ad,6.987,1.967,47
ad,6.987,1.966,48
ad,6.987,2.309,49
ad,6.987,2.077,50
ad,7.112,2.393,51
ad,7.112,1.953,52
ad,7.112,2.591,53
ad,7.112,2.185,54
ad,7.112,2.592,55
ad,7.112,2.509,56
ad,7.643,2.302,57
ad,7.643,1.997,58
ad,7.643,2.206,59
ad,7.643,1.868,60
ad,7.643,2.25,61
ad,7.643,2.068,62
ad,7.643,2.514,63
ad,7.643,2.318,64
ad,7.643,2.24,65
ad,7.643,2.399,66
ad,7.643,2.355,67
ad,7.643,2.243,68
ad,7.643,2.266,69
ad,7.643,2.488,70
ad,7.643,2.849,71
ad,7.643,1.799,72
ad,7.643,2.275,73
ad,7.643,2.5,74
ad,7.643,2.13,75
ad,7.643,2.163,76
ad,7.643,1.727,77
ad,7.643,1.66,78
ad,7.643,2.181,79
ad,7.643,1.885,80
ad,7.643,2.325,81
ad,7.643,1.974,82
ad,7.643,2.021,83
ad,7.643,2.167,84
ad,7.643,1.843,85
ad,7.643,2.182,86
ad,7.643,1.998,87
ad,7.643,2.449,88
ad,7.643,2.009,89
ad,7.643,2.032,90
ad,7.643,2.043,91
ad,7.643,2.132,92
ad,7.643,2.536,93
ad,7.643,2.026,94
ad,7.643,2.329,95
ad,7.643,2.3,96
ad,7.643,2.292,97
ad,7.643,2.224,98
ad,7.643,2.285,99
ae,2.807,2.138,0
ae,3.339,1.74,1
ae,4.492,1.568,2
ae,6.718,1.944,3
ae,6.718,1.843,4
ae,6.718,1.711,5
ae,6.792,1.743,6
ae,6.792,1.858,7
ae,6.792,1.772,8
ae,6.792,2.005,9
ae,6.792,1.966,10
ae,6.792,1.98,11
ae,6.792,2.128,12
ae,6.792,2.053,13
ae,6.792,1.794,14
ae,6.792,1.774,15
ae,6.792,2.04,16
ae,6.792,1.966,17
ae,6.792,1.61,18
ae,6.792,1.911,19
ae,6.792,2.05,20
ae,6.792,1.852,21
ae,6.792,1.884,22
ae,6.792,1.972,23
ae,6.792,1.85,24
ae,8.212,2.322,25
ae,8.212,1.651,26
ae,8.212,2.295,27
ae,8.212,2.381,28
ae,8.212,1.777,29
ae,8.212,2.051,30
ae,8.212,1.373,31
ae,8.212,2.214,32
ae,8.212,2.423,33
ae,8.212,1.735,34
ae,8.212,1.854,35
ae,8.212,2.13,36
ae,8.212,1.978,37
ae,8.212,1.853,38
ae,8.212,1.806,39
ae,8.212,2.139,40
ae,8.212,2.065,41
ae,8.212,2.009,42
ae,8.212,2.148,43
ae,8.212,2.32,44
ae,8.212,2.411,45
ae,8.212,1.346,46
ae,8.212,1.772,47
ae,8.212,1.91,48
ae,8.212,1.76,49
ae,8.212,1.782,50
ae,8.212,1.982,51
ae,8.212,2.108,52
ae,8.212,2.233,53
ae,8.212,1.935,54
ae,8.212,1.79,55
ae,8.212,1.61,56
ae,8.212,2.015,57
ae,8.212,2.048,58
ae,8.212,1.579,59
ae,8.212,1.41,60
ae,8.212,1.24,61
ae,8.212,1.806,62
ae,8.212,1.882,63
ae,8.212,2.177,64
ae,8.212,1.606,65
ae,8.212,1.946,66
ae,8.212,2.134,67
ae,8.212,1.973,68
ae,8.212,1.959,69
ae,8.212,2.072,70
ae,8.212,2.253,71
ae,8.212,2.425,72
ae,8.212,1.773,73
ae,8.212,2.157,74
ae,8.212,2.076,75
ae,8.212,2.095,76
ae,8.212,2.488,77
ae,8.212,1.78,78
ae,8.212,1.891,79
ae,8.212,2.001,80
ae,8.212,1.761,81
ae,8.212,1.762,82
ae,8.212,1.63,83
ae,8.212,2.171,84
ae,8.212,1.894,85
ae,8.212,1.891,86
ae,8.212,1.681,87
ae,8.212,1.82,88
ae,8.212,1.843,89
ae,8.212,1.898,90
ae,8.212,1.878,91
ae,8.212,2.089,92
ae,8.212,2.239,93
ae,8.212,2.273,94
ae,8.212,1.857,95
ae,8.212,1.918,96
ae,8.212,1.535,97
ae,8.212,2.608,98
ae,8.212,1.862,99
aa,2.742,2.095,0
aa,2.906,2.2,1
aa,3.794,2.214,2
aa,3.794,2.378,3
aa,3.794,2.409,4
aa,3.794,2.177,5
aa,3.794,2.085,6
aa,5.231,2.277,7
aa,5.231,2.131,8
aa,5.231,2.418,9
aa,5.231,2.314,10
aa,5.231,2.293,11
aa,5.967,2.739,12
aa,5.967,2.757,13
aa,5.967,2.642,14
aa,5.967,3.008,15
aa,5.967,3.174,16
aa,5.967,2.873,17
aa,5.967,3.105,18
aa,5.967,2.919,19
aa,5.967,2.843,20
aa,5.967,2.388,21
aa,5.967,3.316,22
aa,5.967,2.872,23
aa,5.967,2.51,24
aa,5.967,2.493,25
aa,5.967,2.996,26
aa,5.967,2.537,27
aa,5.967,2.677,28
aa,5.967,2.461,29
aa,5.967,2.934,30
aa,5.967,2.737,31
aa,5.967,3.063,32
aa,6.784,3.335,33
aa,6.784,3.386,34
aa,6.804,3.273,35
aa,6.804,2.784,36
aa,6.804,2.779,37
aa,6.804,2.719,38
aa,6.804,2.659,39
aa,7.446,3.401,40
aa,7.446,2.997,41
aa,7.446,3.319,42
aa,7.446,2.476,43
aa,7.446,2.733,44
aa,8.798,2.809,45
aa,8.798,3.828,46
aa,8.798,3.278,47
aa,8.798,3.498,48
aa,8.934,4.39,49
aa,8.934,3.53,50
aa,8.934,3.563,51
aa,8.934,3.686,52
aa,8.934,3.741,53
aa,8.934,3.364,54
aa,8.934,3.326,55
aa,9.48,5.847,56
aa,9.48,5.275,57
aa,9.48,2.835,58
aa,9.48,3.239,59
aa,9.48,3.635,60
aa,9.48,3.415,61
aa,9.48,3.996,62
aa,9.48,3.597,63
aa,9.48,3.711,64
aa,9.48,3.46,65
aa,9.48,3.115,66
aa,9.48,3.971,67
aa,9.48,4.901,68
aa,9.48,3.468,69
aa,9.48,3.57,70
aa,9.48,3.032,71
aa,9.48,4.128,72
aa,9.48,3.898,73
aa,9.48,3.322,74
aa,9.48,3.389,75
aa,9.67,3.617,76
aa,9.67,3.326,77
aa,9.67,3.875,78
aa,9.67,3.877,79
aa,9.67,3.591,80
aa,9.67,5.014,81
aa,9.67,5.3,82
aa,9.67,4.459,83
aa,9.67,4.153,84
aa,9.678,4.067,85
aa,9.678,3.813,86
aa,9.678,4.79,87
aa,9.678,4.56,88
aa,9.678,4.187,89
aa,9.678,3.785,90
aa,9.678,4.68,91
aa,10.07,3.724,92
aa,10.1,4.156,93
aa,10.1,5.046,94
aa,10.1,3.381,95
aa,10.1,4.092,96
aa,10.1,4.443,97
aa,10.1,3.105,98
aa,10.1,3.822,99
ab,2.86,2.086,0
ab,2.86,2.135,1
ab,3.014,2.206,2
ab,3.107,2.153,3
ab,3.107,1.853,4
ab,3.857,2.264,5
ab,3.857,2.157,6
ab,4.417,2.395,7
ab,4.417,2.266,8
ab,4.417,2.403,9
ab,4.531,2.469,10
ab,5.409,2.884,11
ab,5.409,2.759,12
ab,5.409,2.361,13
ab,5.409,2.451,14
ab,5.409,2.701,15
ab,5.409,2.58,16
ab,7.098,2.648,17
ab,7.098,2.637,18
ab,7.098,2.46,19
ab,7.206,2.463,20
ab,7.206,2.855,21
ab,7.206,3.062,22
ab,7.206,3.038,23
ab,7.206,3.312,24
ab,8.12,3.371,25
ab,8.12,3.295,26
ab,8.12,3.427,27
ab,8.191,3.532,28
ab,9.051,3.968,29
ab,9.051,3.398,30
ab,9.051,3.86,31
ab,9.051,3.648,32
ab,9.051,3.494,33
ab,9.051,3.822,34
ab,9.051,3.932,35
ab,9.051,3.359,36
ab,9.051,4.061,37
ab,9.051,3.605,38
ab,9.051,3.888,39
ab,9.643,4.159,40
ab,9.643,3.127,41
ab,9.643,4.956,42
ab,9.643,3.903,43
ab,9.643,4.069,44
ab,9.643,3.567,45
ab,9.643,3.628,46
ab,9.643,3.253,47
ab,9.643,3.385,48
ab,9.643,3.464,49
ab,9.643,3.124,50
ab,9.643,2.998,51
ab,9.643,3.24,52
ab,9.643,3.062,53
ab,9.643,3.593,54
ab,9.643,3.64,55
ab,9.643,4.958,56
ab,9.643,3.554,57
ab,9.643,3.81,58
ab,9.643,4.498,59
ab,9.643,3.577,60
ab,9.643,2.624,61
ab,9.643,2.77,62
ab,9.643,3.587,63
ab,9.643,3.062,64
ab,9.643,2.54,65
ab,9.643,3.225,66
ab,9.643,3.422,67
ab,9.643,3.401,68
ab,9.643,3.271,69
ab,9.643,3.493,70
ab,9.643,3.777,71
ab,9.643,3.524,72
ab,9.643,3.542,73
ab,9.643,4.554,74
ab,9.643,4.311,75
ab,9.643,4.446,76
ab,9.643,4.662,77
ab,9.643,4.14,78
ab,9.643,3.625,79
ab,9.643,2.955,80
ab,9.643,3.0,81
ab,9.643,2.54,82
ab,9.643,2.939,83
ab,9.643,2.951,84
ab,9.643,2.94,85
ab,9.643,3.817,86
ab,9.643,3.473,87
ab,9.643,3.712,88
ab,9.643,2.959,89
ab,9.643,3.831,90
ab,9.643,4.68,91
ab,9.643,4.671,92
ab,9.643,5.022,93
ab,9.643,4.516,94
ab,9.643,4.71,95
ab,9.643,4.489,96
ab,9.643,3.275,97
ab,9.643,3.522,98
ab,9.643,2.864,99
ac,5.818,2.177,0
ac,5.818,2.128,1
ac,5.818,2.131,2
ac,5.818,2.369,3
ac,5.877,2.331,4
ac,5.877,2.312,5
ac,5.877,2.14,6
ac,5.877,2.33,7
ac,5.877,2.302,8
ac,5.877,1.973,9
ac,5.877,1.984,10
ac,5.877,2.197,11
ac,5.877,1.84,12
ac,5.877,1.942,13
ac,5.877,1.906,14
ac,5.877,1.961,15
ac,5.877,2.03,16
ac,5.877,2.017,17
ac,5.877,1.747,18
ac,5.877,2.025,19
ac,5.877,2.246,20
ac,5.877,2.146,21
ac,5.877,2.22,22
ac,5.877,2.442,23
ac,6.287,2.435,24
ac,6.287,2.17,25
ac,6.287,2.017,26
ac,6.347,2.635,27
ac,6.347,1.89,28
ac,6.347,1.427,29
ac,6.347,2.365,30
ac,6.347,2.014,31
ac,6.347,2.273,32
ac,6.347,2.299,33
ac,6.347,2.094,34
ac,6.347,1.526,35
ac,6.347,2.257,36
ac,6.444,2.439,37
ac,6.444,2.301,38
ac,6.444,2.32,39
ac,6.705,2.478,40
ac,7.92,2.678,41
ac,7.92,2.532,42
ac,7.92,2.403,43
ac,8.351,3.181,44
ac,8.351,3.069,45
ac,9.177,3.039,46
ac,9.177,2.348,47
ac,9.177,2.929,48
ac,9.177,2.297,49
ac,9.177,2.249,50
ac,9.177,2.78,51
ac,9.177,2.572,52
ac,9.503,2.715,53
ac,9.503,3.033,54
ac,9.503,2.805,55
ac,9.503,3.076,56
ac,9.503,3.638,57
ac,9.503,2.331,58
ac,9.503,2.856,59
ac,9.503,3.182,60
ac,9.503,2.995,61
ac,9.503,2.344,62
ac,9.503,2.609,63
ac,9.503,2.868,64
ac,9.503,2.962,65
ac,9.503,2.622,66
ac,9.503,2.659,67
ac,9.503,2.143,68
ac,9.503,2.277,69
ac,9.503,2.605,70
ac,9.503,2.363,71
ac,9.503,2.943,72
ac,9.503,3.305,73
ac,9.503,2.638,74
ac,9.503,2.283,75
ac,9.503,2.686,76
ac,9.503,2.523,77
ac,9.503,2.476,78
ac,9.503,2.616,79
ac,9.503,2.442,80
ac,9.503,2.419,81
ac,9.503,2.426,82
ac,9.503,2.913,83
ac,9.503,2.422,84
ac,9.503,2.892,85
ac,9.503,2.284,86
ac,9.503,2.574,87
ac,9.503,3.121,88
ac,9.503,2.737,89
ac,9.503,3.077,90
ac,9.503,3.354,91
ac,9.503,3.073,92
ac,9.503,3.059,93
ac,9.503,2.68,94
ac,9.503,2.802,95
ac,9.503,3.799,96
ac,11.275,3.278,97
ac,11.275,2.779,98
ac,11.275,3.176,99
ad,3.697,2.305,0
ad,5.138,2.363,1
ad,5.138,2.224,2
ad,5.158,2.229,3
ad,7.106,1.795,4
ad,7.106,1.88,5
ad,7.106,1.859,6
ad,7.106,2.138,7
ad,7.106,2.212,8
ad,7.106,1.905,9
ad,8.43,1.822,10
ad,8.43,2.525,11
ad,9.638,2.461,12
ad,9.638,2.542,13
ad,9.638,3.18,14
ad,9.638,3.151,15
ad,9.638,2.268,16
ad,9.638,2.156,17
ad,9.638,3.007,18
ad,9.638,2.896,19
ad,9.638,2.316,20
ad,9.638,2.417,21
ad,9.638,2.781,22
ad,9.638,2.921,23
ad,9.638,2.776,24
ad,9.638,2.34,25
ad,9.638,2.829,26
ad,9.638,2.553,27
ad,9.638,3.011,28
ad,9.638,3.161,29
ad,9.638,2.541,30
ad,9.638,3.157,31
ad,9.638,3.173,32
ad,9.638,2.811,33
ad,9.638,2.652,34
ad,9.638,2.499,35
ad,9.638,3.077,36
ad,9.638,2.86,37
ad,9.638,2.719,38
ad,9.638,2.998,39
ad,9.638,3.181,40
ad,9.638,2.859,41
ad,9.638,2.852,42
ad,9.638,3.148,43
ad,9.638,2.666,44
ad,9.638,3.29,45
ad,9.638,3.194,46
ad,9.638,3.134,47
ad,9.638,2.677,48
ad,9.638,2.622,49
ad,9.638,2.26,50
ad,9.638,2.186,51
ad,9.638,2.298,52
ad,9.638,2.411,53
ad,9.638,2.39,54
ad,9.638,2.891,55
ad,9.638,2.394,56
ad,9.638,2.883,57
ad,9.638,2.392,58
ad,9.638,2.491,59
ad,9.638,2.272,60
ad,9.638,2.554,61
ad,9.638,2.67,62
ad,9.638,2.383,63
ad,9.638,2.508,64
ad,9.638,2.534,65
ad,9.638,2.62,66
ad,9.638,2.748,67
ad,9.638,2.352,68
ad,9.638,2.726,69
ad,9.638,3.18,70
ad,9.638,3.037,71
ad,9.638,2.964,72
ad,9.638,2.581,73
ad,9.638,2.849,74
ad,9.638,2.734,75
ad,9.638,2.259,76
ad,9.638,3.036,77
ad,9.638,2.854,78
ad,9.638,2.567,79
ad,9.638,2.741,80
ad,9.638,3.011,81
ad,9.638,2.695,82
ad,9.638,3.018,83
ad,9.638,3.345,84
ad,9.638,2.783,85
ad,9.638,2.999,86
ad,9.638,2.956,87
ad,9.638,2.379,88
ad,9.638,3.319,89
ad,9.638,3.111,90
ad,9.638,2.111,91
ad,9.638,2.615,92
ad,9.638,2.242,93
ad,9.638,2.45,94
ad,9.638,2.635,95
ad,9.638,2.682,96
ad,9.638,2.518,97
ad,9.638,2.874,98
ad,9.638,2.677,99
ae,5.987,2.206,0
ae,5.987,1.893,1
ae,6.159,2.131,2
ae,6.159,1.744,3
ae,6.78,2.094,4
ae,6.78,1.478,5
ae,6.78,1.755,6
ae,6.78,2.214,7
ae,6.78,1.944,8
ae,6.78,2.155,9
ae,6.78,2.121,10
ae,6.78,2.327,11
ae,6.78,2.151,12
ae,6.78,1.968,13
ae,6.78,2.469,14
ae,6.78,2.028,15
ae,6.78,2.165,16
ae,6.78,2.584,17
ae,6.78,1.925,18
ae,6.78,2.169,19
ae,6.78,2.237,20
ae,6.974,2.281,21
ae,6.974,2.223,22
ae,6.974,2.244,23
ae,6.974,2.119,24
ae,6.974,2.352,25
ae,6.974,2.228,26
ae,6.974,2.162,27
ae,6.974,2.366,28
ae,7.058,2.419,29
ae,8.607,2.562,30
ae,8.737,3.198,31
ae,8.737,2.218,32
ae,8.737,2.341,33
ae,8.737,1.998,34
ae,8.737,2.162,35
ae,8.737,1.955,36
ae,8.737,2.023,37
ae,8.737,2.682,38
ae,8.737,1.803,39
ae,8.737,2.141,40
ae,8.737,2.303,41
ae,8.737,2.305,42
ae,8.737,2.061,43
ae,8.737,2.025,44
ae,8.737,2.107,45
ae,8.737,2.564,46
ae,8.737,2.299,47
ae,8.737,2.34,48
ae,8.737,2.522,49
ae,8.737,2.208,50
ae,8.737,2.206,51
ae,8.737,2.37,52
ae,8.737,2.33,53
ae,8.737,2.353,54
ae,8.737,2.185,55
ae,8.737,2.185,56
ae,8.737,2.336,57
ae,8.737,2.39,58
ae,8.737,2.432,59
ae,8.737,2.18,60
ae,8.737,2.478,61
ae,8.737,2.113,62
ae,8.737,2.568,63
ae,8.737,2.039,64
ae,8.737,2.226,65
ae,8.737,2.17,66
ae,8.737,1.966,67
ae,8.737,2.205,68
ae,8.737,2.132,69
ae,8.737,2.233,70
ae,8.737,2.365,71
ae,8.737,2.031,72
ae,8.737,2.347,73
ae,8.737,2.266,74
ae,8.737,2.72,75
ae,8.737,2.492,76
ae,8.737,2.391,77
ae,8.737,2.091,78
ae,8.737,2.062,79
ae,8.737,2.191,80
ae,8.737,2.334,81
ae,8.737,1.931,82
ae,8.737,2.525,83
ae,8.737,2.152,84
ae,8.737,2.19,85
ae,8.737,2.394,86
ae,8.737,2.379,87
ae,8.737,2.318,88
ae,8.737,2.298,89
ae,8.737,2.249,90
ae,8.737,2.653,91
ae,8.737,2.2,92
ae,8.737,2.453,93
ae,8.737,2.154,94
ae,8.737,2.439,95
ae,8.737,2.223,96
ae,8.737,2.85,97
ae,8.737,2.346,98
ae,8.737,2.257,99
ab,4.079,2.247,0
ab,4.079,2.139,1
ab,4.237,2.461,2
ab,4.237,2.199,3
ab,4.237,2.325,4
ab,4.237,2.064,5
ab,4.256,2.181,6
ab,4.256,2.082,7
ab,4.256,2.012,8
ab,4.256,2.283,9
ab,4.397,2.596,10
ab,4.397,2.387,11
ab,4.397,2.303,12
ab,4.397,1.738,13
ab,5.78,2.314,14
ab,5.78,2.588,15
ab,5.78,2.476,16
ab,5.78,2.659,17
ab,5.78,2.648,18
ab,5.78,2.883,19
ab,5.78,2.636,20
ab,5.78,2.556,21
ab,5.78,2.612,22
ab,5.78,2.645,23
ab,5.78,2.57,24
ab,5.78,2.514,25
ab,5.78,2.369,26
ab,5.78,2.347,27
ab,5.78,2.319,28
ab,5.78,2.458,29
ab,5.78,2.565,30
ab,5.78,2.47,31
ab,5.78,2.324,32
ab,5.78,2.319,33
ab,5.78,2.346,34
ab,5.78,2.586,35
ab,5.78,2.538,36
ab,5.78,2.344,37
ab,5.78,2.207,38
ab,5.78,2.109,39
ab,5.78,2.118,40
ab,6.678,2.354,41
ab,6.678,2.677,42
ab,6.678,3.153,43
ab,7.161,2.587,44
ab,7.161,2.814,45
ab,7.161,2.546,46
ab,7.161,3.535,47
ab,7.161,3.746,48
ab,7.161,3.028,49
ab,7.161,2.671,50
ab,7.161,3.291,51
ab,7.161,3.207,52
ab,7.161,3.531,53
ab,7.161,3.532,54
ab,7.204,3.503,55
ab,7.204,3.19,56
ab,7.204,3.339,57
ab,7.204,2.791,58
ab,7.204,2.698,59
ab,7.204,3.358,60
ab,8.173,3.161,61
ab,8.173,2.693,62
ab,8.173,3.151,63
ab,8.173,3.1,64
ab,8.173,3.356,65
ab,8.173,3.825,66
ab,8.173,2.676,67
ab,8.173,2.3,68
ab,8.173,2.832,69
ab,8.173,2.518,70
ab,8.173,2.781,71
ab,8.173,3.076,72
ab,8.173,3.459,73
ab,8.173,3.041,74
ab,8.173,3.119,75
ab,8.173,3.333,76
ab,8.173,2.96,77
ab,8.173,3.473,78
ab,8.173,3.354,79
ab,8.173,3.256,80
ab,8.173,3.43,81
ab,8.173,3.109,82
ab,8.173,3.137,83
ab,8.173,3.0,84
ab,8.173,2.958,85
ab,8.173,2.77,86
ab,8.173,2.439,87
ab,8.33,3.03,88
ab,8.33,2.619,89
ab,8.33,3.381,90
ab,8.33,3.051,91
ab,8.33,3.157,92
ab,8.33,3.067,93
ab,8.33,2.729,94
ab,8.33,3.224,95
ab,8.33,3.476,96
ab,8.33,2.792,97
ab,8.576,2.801,98
ab,8.576,2.555,99
