aa,3.52,2.403,0
aa,3.52,2.398,1
aa,3.52,2.199,2
aa,5.048,2.719,3
aa,5.048,2.537,4
aa,5.048,2.479,5
aa,5.048,2.766,6
aa,5.048,1.987,7
aa,5.048,2.264,8
aa,5.048,2.373,9
aa,5.048,2.487,10
aa,5.048,2.746,11
aa,5.117,2.707,12
aa,5.315,2.939,13
aa,5.315,2.167,14
aa,5.315,2.458,15
aa,5.315,2.679,16
aa,5.315,2.886,17
aa,5.44,2.977,18
aa,5.44,2.622,19
aa,5.44,2.749,20
aa,5.44,2.715,21
aa,5.44,2.857,22
aa,5.44,3.172,23
aa,5.44,2.121,24
aa,5.44,2.661,25
aa,5.44,2.398,26
aa,5.44,2.297,27
aa,5.44,2.993,28
aa,5.44,3.012,29
aa,5.44,2.582,30
aa,5.44,2.398,31
aa,5.44,2.326,32
aa,5.44,2.559,33
aa,5.44,2.672,34
aa,5.44,2.562,35
aa,5.44,3.678,36
aa,5.44,3.192,37
aa,5.44,2.783,38
aa,5.44,2.933,39
aa,5.44,2.351,40
aa,5.44,2.947,41
aa,5.44,3.167,42
aa,5.44,2.656,43
aa,5.44,2.111,44
aa,5.44,2.885,45
aa,5.44,2.522,46
aa,5.44,2.727,47
aa,5.44,2.491,48
aa,5.44,2.366,49
aa,5.44,2.961,50
aa,5.44,3.045,51
aa,5.44,3.09,52
aa,5.44,3.28,53
aa,5.44,3.03,54
aa,5.44,2.347,55
aa,5.44,2.471,56
aa,5.44,2.873,57
aa,5.44,3.005,58
aa,5.44,2.659,59
aa,5.44,2.947,60
aa,5.44,2.669,61
aa,5.44,2.765,62
aa,5.44,2.755,63
aa,5.44,2.437,64
aa,5.44,2.361,65
aa,5.44,3.179,66
aa,6.129,2.547,67
aa,6.129,2.853,68
aa,6.129,3.064,69
aa,6.129,3.274,70
aa,6.129,2.736,71
aa,6.129,3.577,72
aa,6.129,3.14,73
aa,6.129,3.106,74
aa,6.129,3.523,75
aa,6.129,2.824,76
aa,6.129,3.88,77
aa,6.129,3.696,78
aa,6.129,3.065,79
aa,6.129,4.076,80
aa,6.129,4.194,81
aa,6.129,3.592,82
aa,6.129,3.257,83
aa,6.129,3.107,84
aa,6.129,3.414,85
aa,6.129,2.754,86
aa,6.129,2.797,87
aa,6.129,3.058,88
aa,6.129,3.009,89
aa,6.129,3.138,90
aa,6.129,2.653,91
aa,6.129,2.415,92
aa,6.129,2.455,93
aa,6.129,3.293,94
aa,6.129,3.264,95
aa,6.223,3.658,96
aa,6.806,3.471,97
aa,6.806,3.388,98
aa,6.806,3.152,99
aa,2.438,2.027,0
aa,2.53,2.211,1
aa,2.53,2.299,2
aa,2.53,2.15,3
aa,3.13,2.143,4
aa,3.13,2.028,5
aa,4.557,2.33,6
aa,4.557,2.112,7
aa,4.557,2.391,8
aa,4.557,2.382,9
aa,4.557,2.395,10
aa,5.529,2.56,11
aa,5.529,2.726,12
aa,5.541,3.009,13
aa,5.541,2.736,14
aa,5.541,2.292,15
aa,5.541,2.61,16
aa,5.541,2.726,17
aa,5.796,2.503,18
aa,5.796,2.465,19
aa,5.796,2.869,20
aa,5.796,2.926,21
aa,5.824,2.919,22
aa,5.824,2.881,23
aa,5.839,3.461,24
aa,6.302,3.03,25
aa,6.353,2.999,26
aa,6.353,3.028,27
aa,6.353,2.482,28
aa,6.353,3.155,29
aa,6.393,3.677,30
aa,6.393,3.607,31
aa,6.393,3.937,32
aa,6.393,2.738,33
aa,6.393,3.171,34
aa,6.393,2.546,35
aa,6.393,3.621,36
aa,6.393,3.28,37
aa,6.393,2.668,38
aa,6.393,3.142,39
aa,6.393,3.126,40
aa,6.393,2.622,41
aa,6.503,3.744,42
aa,6.503,2.965,43
aa,6.503,2.454,44
aa,6.503,2.974,45
aa,6.503,3.662,46
aa,6.503,3.342,47
aa,6.503,3.245,48
aa,6.503,3.302,49
aa,6.503,2.858,50
aa,6.512,3.129,51
aa,6.512,3.13,52
aa,6.512,3.871,53
aa,6.512,3.348,54
aa,6.512,3.46,55
aa,6.512,3.268,56
aa,6.512,2.824,57
aa,6.651,2.969,58
aa,6.651,3.225,59
aa,6.651,4.05,60
aa,6.651,3.74,61
aa,6.651,3.726,62
aa,6.651,3.987,63
aa,6.651,3.676,64
aa,6.651,2.838,65
aa,6.651,2.679,66
aa,6.651,2.64,67
aa,6.651,2.433,68
aa,6.651,3.022,69
aa,6.651,2.461,70
aa,6.651,2.47,71
aa,6.651,2.682,72
aa,6.651,2.677,73
aa,6.651,2.738,74
aa,6.651,3.066,75
aa,6.651,3.059,76
aa,6.651,2.949,77
aa,6.651,2.772,78
aa,6.651,3.078,79
aa,6.651,2.831,80
aa,6.651,3.272,81
aa,6.651,3.034,82
aa,6.651,2.947,83
aa,6.651,2.825,84
aa,6.651,3.167,85
aa,6.728,3.325,86
aa,6.728,2.51,87
aa,6.728,2.684,88
aa,6.728,2.738,89
aa,6.825,3.061,90
aa,6.825,3.479,91
aa,6.825,2.567,92
aa,6.825,3.498,93
aa,6.825,2.733,94
aa,6.825,2.69,95
aa,6.918,3.194,96
aa,6.918,2.651,97
aa,6.918,3.584,98
aa,6.918,3.271,99
ab,3.104,2.091,0
ab,3.767,2.582,1
ab,3.879,2.354,2
ab,3.879,2.357,3
ab,3.879,2.296,4
ab,3.879,2.203,5
ab,3.879,2.042,6
ab,3.97,2.253,7
ab,3.97,2.196,8
ab,3.97,1.987,9
ab,3.97,1.86,10
ab,3.97,2.222,11
ab,4.125,2.47,12
ab,4.125,1.965,13
ab,4.504,2.385,14
ab,4.838,2.369,15
ab,5.027,2.91,16
ab,5.027,2.811,17
ab,5.158,2.87,18
ab,5.158,2.377,19
ab,5.176,2.812,20
ab,5.521,2.867,21
ab,5.521,2.419,22
ab,6.943,3.771,23
ab,7.929,3.269,24
ab,7.929,3.325,25
ab,7.929,2.942,26
ab,7.929,3.083,27
ab,8.561,3.331,28
ab,8.561,3.333,29
ab,8.561,2.853,30
ab,8.561,3.195,31
ab,8.798,3.169,32
ab,8.798,2.619,33
ab,8.798,2.425,34
ab,8.798,2.7,35
ab,8.798,3.288,36
ab,8.798,3.139,37
ab,8.798,3.023,38
ab,8.798,2.937,39
ab,8.798,3.029,40
ab,8.798,3.724,41
ab,8.798,3.343,42
ab,8.798,3.026,43
ab,8.798,3.943,44
ab,8.798,4.213,45
ab,9.514,4.505,46
ab,9.525,3.351,47
ab,9.525,2.55,48
ab,9.525,2.591,49
ab,9.525,2.9,50
ab,9.525,2.894,51
ab,9.525,3.545,52
ab,9.525,2.9,53
ab,9.525,2.903,54
ab,9.525,2.865,55
ab,9.525,3.026,56
ab,9.544,3.351,57
ab,9.544,3.547,58
ab,9.544,2.996,59
ab,9.544,2.956,60
ab,9.544,3.255,61
ab,9.544,2.648,62
ab,9.858,3.115,63
ab,9.982,3.415,64
ab,9.982,2.872,65
ab,9.982,2.646,66
ab,10.02,3.008,67
ab,10.02,3.102,68
ab,10.213,3.808,69
ab,10.213,3.598,70
ab,10.213,2.75,71
ab,10.213,3.533,72
ab,10.213,3.263,73
ab,10.213,2.619,74
ab,10.213,3.612,75
ab,10.213,2.727,76
ab,10.213,3.584,77
ab,10.213,3.298,78
ab,10.213,3.268,79
ab,10.213,2.715,80
ab,10.213,2.917,81
ab,10.213,2.788,82
ab,10.213,3.392,83
ab,10.213,3.687,84
ab,10.341,4.131,85
ab,10.341,3.719,86
ab,10.341,4.162,87
ab,10.341,3.571,88
ab,10.341,3.713,89
ab,10.341,4.124,90
ab,10.341,3.716,91
ab,10.341,4.166,92
ab,10.341,3.828,93
ab,10.341,3.217,94
ab,10.341,3.691,95
ab,10.341,3.871,96
ab,10.341,4.281,97
ab,10.341,2.758,98
ab,10.341,3.16,99
ac,5.068,2.411,0
ac,5.068,2.248,1
ac,5.068,2.472,2
ac,5.068,2.3,3
ac,5.068,2.499,4
ac,5.068,2.403,5
ac,5.068,2.39,6
ac,5.144,2.622,7
ac,6.008,2.701,8
ac,6.008,2.621,9
ac,6.008,2.452,10
ac,6.008,2.215,11
ac,6.008,2.212,12
ac,6.008,2.209,13
ac,6.008,2.335,14
ac,6.008,2.703,15
ac,6.008,2.259,16
ac,6.008,2.245,17
ac,6.008,2.141,18
ac,6.008,2.125,19
ac,6.008,2.242,20
ac,6.008,2.447,21
ac,6.008,2.21,22
ac,6.008,2.394,23
ac,6.008,2.384,24
ac,6.008,2.404,25
ac,6.008,2.26,26
ac,6.008,2.195,27
ac,6.111,2.271,28
ac,6.111,2.502,29
ac,6.111,2.338,30
ac,6.111,2.431,31
ac,6.111,2.264,32
ac,6.111,2.501,33
ac,6.111,2.521,34
ac,6.111,2.671,35
ac,6.111,2.443,36
ac,6.111,2.505,37
ac,6.111,2.586,38
ac,6.111,2.782,39
ac,6.111,2.754,40
ac,6.111,2.825,41
ac,6.111,2.506,42
ac,6.111,2.593,43
ac,6.111,2.292,44
ac,6.111,2.419,45
ac,6.111,2.421,46
ac,6.111,2.383,47
ac,6.111,2.24,48
ac,6.111,2.393,49
ac,6.111,2.313,50
ac,6.111,2.551,51
ac,6.111,2.533,52
ac,6.111,2.553,53
ac,6.111,2.512,54
ac,6.436,2.391,55
ac,6.436,2.705,56
ac,6.436,2.948,57
ac,6.436,3.054,58
ac,6.436,3.016,59
ac,6.436,2.659,60
ac,6.436,2.462,61
ac,6.436,2.59,62
ac,6.436,2.517,63
ac,6.436,2.16,64
ac,6.436,2.729,65
ac,6.969,2.903,66
ac,6.969,2.82,67
ac,6.969,2.542,68
ac,6.969,2.693,69
ac,6.969,2.525,70
ac,6.969,2.583,71
ac,6.969,2.777,72
ac,6.969,2.681,73
ac,6.969,3.01,74
ac,6.969,2.682,75
ac,6.969,2.475,76
ac,6.969,2.651,77
ac,6.989,2.715,78
ac,6.989,2.796,79
ac,6.989,2.671,80
ac,6.989,2.632,81
ac,6.989,2.474,82
ac,6.989,2.677,83
ac,6.989,2.452,84
ac,6.989,2.622,85
ac,6.989,2.663,86
ac,6.989,2.531,87
ac,6.989,2.683,88
ac,6.989,2.821,89
ac,6.989,2.636,90
ac,6.989,2.836,91
ac,6.989,2.998,92
ac,6.989,3.042,93
ac,6.989,2.901,94
ac,6.989,3.057,95
ac,6.989,3.04,96
ac,6.989,2.882,97
ac,7.79,2.912,98
ac,7.79,2.914,99
aa,2.832,2.095,0
aa,2.832,1.931,1
aa,2.832,2.075,2
aa,3.19,2.383,3
aa,3.19,2.283,4
aa,3.19,2.441,5
aa,3.19,2.522,6
aa,3.19,2.199,7
aa,3.19,2.437,8
aa,3.619,2.324,9
aa,3.619,2.471,10
aa,3.619,2.326,11
aa,3.619,2.506,12
aa,3.619,2.501,13
aa,3.619,2.514,14
aa,3.619,2.526,15
aa,3.619,2.47,16
aa,3.747,2.249,17
aa,3.768,2.727,18
aa,4.108,2.958,19
aa,4.749,2.55,20
aa,4.749,2.47,21
aa,4.749,2.203,22
aa,5.227,2.7,23
aa,5.559,3.28,24
aa,5.559,2.722,25
aa,5.925,2.86,26
aa,6.292,3.092,27
aa,6.292,3.209,28
aa,6.292,3.296,29
aa,6.292,2.892,30
aa,6.292,3.936,31
aa,6.292,3.116,32
aa,6.292,2.997,33
aa,6.292,2.815,34
aa,6.292,2.634,35
aa,6.292,3.028,36
aa,6.292,3.215,37
aa,6.292,2.886,38
aa,6.292,3.078,39
aa,6.292,3.007,40
aa,6.292,3.257,41
aa,6.292,3.026,42
aa,6.562,3.391,43
aa,6.562,3.427,44
aa,6.562,2.943,45
aa,6.562,3.283,46
aa,6.562,2.787,47
aa,6.562,3.277,48
aa,6.562,3.174,49
aa,6.562,3.028,50
aa,6.562,3.265,51
aa,6.562,3.075,52
aa,6.562,3.248,53
aa,6.562,3.519,54
aa,6.562,2.757,55
aa,6.562,2.872,56
aa,6.562,3.257,57
aa,6.562,2.646,58
aa,6.562,3.235,59
aa,6.562,2.781,60
aa,6.562,3.155,61
aa,6.562,3.209,62
aa,6.562,3.534,63
aa,6.562,3.824,64
aa,6.562,2.956,65
aa,6.562,2.984,66
aa,6.562,2.936,67
aa,6.562,3.954,68
aa,6.562,3.503,69
aa,6.562,2.618,70
aa,6.562,3.226,71
aa,6.562,2.675,72
aa,6.562,2.805,73
aa,6.562,2.83,74
aa,6.562,2.928,75
aa,6.562,3.579,76
aa,6.562,2.802,77
aa,6.562,2.949,78
aa,6.562,2.523,79
aa,6.562,2.776,80
aa,6.562,3.008,81
aa,6.562,3.198,82
aa,6.562,3.624,83
aa,6.562,4.065,84
aa,6.562,3.275,85
aa,6.562,2.921,86
aa,6.562,2.991,87
aa,6.562,2.658,88
aa,6.562,2.715,89
aa,6.562,2.797,90
aa,6.562,2.864,91
aa,6.562,3.316,92
aa,6.562,3.161,93
aa,6.562,2.66,94
aa,6.562,3.078,95
aa,6.562,2.924,96
aa,6.562,2.667,97
aa,6.562,2.792,98
aa,6.562,3.811,99
aa,2.955,2.214,0
aa,4.823,2.556,1
aa,4.823,2.398,2
aa,4.823,2.483,3
aa,4.823,2.523,4
aa,4.823,2.124,5
aa,4.823,1.952,6
aa,4.823,2.083,7
aa,4.823,1.992,8
aa,4.823,2.051,9
aa,4.887,2.444,10
aa,5.126,2.723,11
aa,5.126,2.001,12
aa,5.126,2.347,13
aa,5.126,2.387,14
aa,5.126,1.938,15
aa,5.126,1.881,16
aa,5.126,2.935,17
aa,5.126,2.233,18
aa,5.126,2.179,19
aa,5.126,2.71,20
aa,5.126,2.53,21
aa,5.126,2.475,22
aa,5.126,2.039,23
aa,5.126,2.008,24
aa,5.126,2.857,25
aa,5.331,3.214,26
aa,5.331,2.187,27
aa,5.331,2.96,28
aa,5.703,2.728,29
aa,5.703,2.096,30
aa,5.703,2.508,31
aa,5.703,3.23,32
aa,5.703,3.033,33
aa,5.703,2.278,34
aa,5.703,2.431,35
aa,5.703,2.604,36
aa,5.703,3.61,37
aa,5.703,2.702,38
aa,5.703,2.347,39
aa,5.703,3.517,40
aa,5.703,2.882,41
aa,5.703,2.371,42
aa,5.703,2.666,43
aa,5.703,2.303,44
aa,5.703,2.766,45
aa,6.565,3.289,46
aa,6.565,2.659,47
aa,6.648,2.904,48
aa,6.648,2.603,49
aa,6.648,2.742,50
aa,6.694,3.865,51
aa,6.694,2.697,52
aa,6.694,2.54,53
aa,6.694,2.483,54
aa,6.694,2.503,55
aa,6.694,2.902,56
aa,6.694,2.817,57
aa,6.694,3.338,58
aa,6.694,3.09,59
aa,6.694,3.014,60
aa,6.694,2.77,61
aa,6.694,2.654,62
aa,6.694,2.771,63
aa,6.694,2.467,64
aa,6.694,3.182,65
aa,6.694,2.989,66
aa,6.694,2.379,67
aa,6.694,2.266,68
aa,6.694,2.724,69
aa,6.694,2.856,70
aa,6.694,3.035,71
aa,6.694,2.745,72
aa,6.694,2.977,73
aa,6.694,2.485,74
aa,6.721,3.14,75
aa,6.721,3.106,76
aa,6.721,3.352,77
aa,6.721,2.692,78
aa,6.721,2.519,79
aa,6.721,2.685,80
aa,6.721,2.503,81
aa,6.721,2.228,82
aa,6.721,2.912,83
aa,6.721,2.061,84
aa,6.721,3.335,85
aa,6.721,2.691,86
aa,6.721,3.338,87
aa,6.721,2.942,88
aa,6.721,2.795,89
aa,6.721,3.113,90
aa,6.866,3.082,91
aa,7.149,3.105,92
aa,7.149,3.456,93
aa,7.149,3.04,94
aa,7.149,2.77,95
aa,7.149,2.318,96
aa,7.149,1.817,97
aa,7.149,2.975,98
aa,7.149,2.527,99
aa,2.598,2.095,0
aa,2.684,1.882,1
aa,2.684,2.144,2
aa,2.801,2.431,3
aa,2.801,2.342,4
aa,4.389,2.279,5
aa,4.389,2.519,6
aa,4.389,2.495,7
aa,4.389,1.811,8
aa,4.389,2.062,9
aa,4.389,2.123,10
aa,4.389,2.409,11
aa,4.389,2.535,12
aa,4.389,2.398,13
aa,4.389,2.333,14
aa,4.389,2.35,15
aa,4.389,2.497,16
aa,4.389,2.361,17
aa,4.508,2.672,18
aa,4.508,2.254,19
aa,4.534,2.653,20
aa,4.534,2.776,21
aa,4.534,2.567,22
aa,4.534,2.667,23
aa,4.534,2.562,24
aa,4.534,2.601,25
aa,4.534,2.393,26
aa,4.534,2.311,27
aa,4.534,2.303,28
aa,4.548,2.448,29
aa,4.548,2.889,30
aa,4.548,1.391,31
aa,4.548,2.306,32
aa,4.676,2.817,33
aa,4.676,2.573,34
aa,4.676,2.654,35
aa,4.676,2.146,36
aa,4.847,2.599,37
aa,4.847,1.416,38
aa,4.847,1.76,39
aa,4.847,3.048,40
aa,4.924,2.444,41
aa,5.253,2.114,42
aa,5.253,2.167,43
aa,5.253,2.503,44
aa,5.253,2.781,45
aa,5.253,2.776,46
aa,5.253,2.821,47
aa,5.55,2.865,48
aa,5.55,2.311,49
aa,5.55,2.568,50
aa,5.578,2.874,51
aa,5.578,2.669,52
aa,5.578,1.957,53
aa,5.578,2.437,54
aa,5.6,2.199,55
aa,5.6,2.988,56
aa,5.6,2.336,57
aa,5.6,2.539,58
aa,5.6,2.151,59
aa,5.6,2.23,60
aa,5.6,2.236,61
aa,5.6,1.951,62
aa,5.668,3.827,63
aa,5.758,3.453,64
aa,5.758,1.975,65
aa,5.758,2.767,66
aa,5.758,3.548,67
aa,5.758,1.448,68
aa,5.758,1.562,69
aa,5.758,2.99,70
aa,5.758,1.038,71
aa,5.758,1.874,72
aa,5.758,1.816,73
aa,5.758,2.723,74
aa,5.758,3.33,75
aa,5.758,2.669,76
aa,5.758,2.561,77
aa,5.758,2.668,78
aa,5.758,2.954,79
aa,5.758,3.299,80
aa,5.758,1.745,81
aa,5.758,3.071,82
aa,5.758,2.223,83
aa,5.758,2.556,84
aa,5.758,2.48,85
aa,5.758,2.334,86
aa,5.758,1.91,87
aa,5.758,2.884,88
aa,5.758,3.022,89
aa,5.758,1.999,90
aa,5.758,2.739,91
aa,5.758,2.323,92
aa,5.758,2.271,93
aa,5.758,1.865,94
aa,5.758,2.111,95
aa,5.811,3.2,96
aa,5.811,1.813,97
aa,5.811,2.231,98
aa,5.811,3.817,99
ab,3.129,1.974,0
ab,3.129,2.192,1
ab,4.217,2.157,2
ab,4.709,2.575,3
ab,4.952,2.656,4
ab,4.952,2.241,5
ab,4.952,2.269,6
ab,4.952,2.294,7
ab,4.952,2.525,8
ab,4.952,2.724,9
ab,4.952,3.118,10
ab,4.952,2.55,11
ab,4.952,2.463,12
ab,4.952,2.192,13
ab,5.238,2.652,14
ab,5.338,2.384,15
ab,5.867,2.636,16
ab,5.867,2.54,17
ab,5.867,2.672,18
ab,5.867,2.325,19
ab,5.867,1.91,20
ab,5.867,2.754,21
ab,6.039,2.999,22
ab,6.039,2.888,23
ab,6.039,2.7,24
ab,6.13,2.807,25
ab,6.13,3.26,26
ab,6.13,2.741,27
ab,6.13,2.709,28
ab,6.13,2.436,29
ab,6.752,3.102,30
ab,6.752,2.922,31
ab,6.752,2.607,32
ab,6.766,3.529,33
ab,6.766,3.384,34
ab,6.766,2.868,35
ab,6.766,3.066,36
ab,6.766,3.085,37
ab,6.766,3.222,38
ab,6.766,2.968,39
ab,8.454,3.216,40
ab,8.454,2.902,41
ab,8.454,2.902,42
ab,8.546,2.981,43
ab,8.546,3.317,44
ab,8.774,4.661,45
ab,8.774,4.554,46
ab,8.774,5.118,47
ab,8.774,4.43,48
ab,8.774,3.441,49
ab,8.858,4.597,50
ab,9.346,6.34,51
ab,9.621,5.676,52
ab,9.621,5.607,53
ab,9.621,6.379,54
ab,9.646,4.875,55
ab,9.659,5.49,56
ab,9.659,5.196,57
ab,9.659,4.557,58
ab,9.659,5.91,59
ab,9.659,5.608,60
ab,9.659,4.894,61
ab,9.659,4.608,62
ab,9.659,5.629,63
ab,9.659,5.455,64
ab,9.659,4.902,65
ab,9.659,6.4,66
ab,9.659,5.815,67
ab,9.659,5.222,68
ab,9.659,5.946,69
ab,9.659,5.232,70
ab,9.659,5.941,71
ab,9.659,5.749,72
ab,9.659,5.006,73
ab,9.67,7.033,74
ab,9.67,5.599,75
ab,9.67,6.047,76
ab,9.67,5.344,77
ab,9.67,5.469,78
ab,9.67,5.714,79
ab,9.67,5.452,80
ab,9.67,5.235,81
ab,9.67,2.793,82
ab,9.67,4.206,83
ab,9.67,5.478,84
ab,9.67,5.169,85
ab,9.67,6.068,86
ab,9.67,5.027,87
ab,9.67,5.679,88
ab,9.67,5.384,89
ab,9.67,5.662,90
ab,9.67,5.499,91
ab,9.67,5.006,92
ab,9.67,5.477,93
ab,9.67,7.309,94
ab,9.67,5.997,95
ab,9.67,5.776,96
ab,9.67,5.036,97
ab,9.67,5.153,98
ab,9.67,5.37,99
ab,3.898,2.235,0
ab,3.898,2.222,1
ab,5.101,2.436,2
ab,5.836,2.661,3
ab,5.836,2.32,4
ab,5.836,2.323,5
ab,5.836,2.321,6
ab,6.062,2.499,7
ab,6.082,2.806,8
ab,6.082,2.697,9
ab,6.082,2.616,10
ab,6.24,2.549,11
ab,6.24,2.471,12
ab,6.24,2.177,13
ab,6.24,2.741,14
ab,6.595,3.154,15
ab,6.595,2.862,16
ab,6.595,3.095,17
ab,6.595,2.741,18
ab,6.595,2.871,19
ab,6.662,2.798,20
ab,6.662,2.755,21
ab,6.662,2.434,22
ab,6.662,2.947,23
ab,6.726,3.405,24
ab,6.726,2.836,25
ab,6.726,3.29,26
ab,6.726,2.93,27
ab,6.726,2.322,28
ab,6.726,2.489,29
ab,6.726,2.43,30
ab,6.726,2.751,31
ab,6.775,3.009,32
ab,6.775,2.961,33
ab,6.775,3.003,34
ab,6.775,2.835,35
ab,6.775,2.956,36
ab,6.775,3.008,37
ab,6.775,3.081,38
ab,6.775,3.265,39
ab,6.775,3.459,40
ab,6.775,2.551,41
ab,6.775,2.253,42
ab,6.775,2.891,43
ab,6.775,2.666,44
ab,6.84,3.02,45
ab,6.84,3.866,46
ab,6.889,3.439,47
ab,6.889,3.25,48
ab,6.889,3.515,49
ab,6.889,2.562,50
ab,6.889,2.632,51
ab,6.929,3.101,52
ab,6.929,3.526,53
ab,6.929,3.904,54
ab,6.929,4.016,55
ab,6.929,3.705,56
ab,6.929,2.479,57
ab,7.277,3.302,58
ab,7.277,3.148,59
ab,7.277,3.524,60
ab,7.277,3.056,61
ab,7.277,2.292,62
ab,7.277,2.844,63
ab,7.277,2.94,64
ab,7.277,2.35,65
ab,7.277,2.788,66
ab,7.277,2.235,67
ab,7.277,2.794,68
ab,7.277,3.354,69
ab,7.277,2.529,70
ab,7.277,2.055,71
ab,7.277,2.454,72
ab,7.277,2.434,73
ab,7.277,2.113,74
ab,7.277,2.311,75
ab,7.277,2.772,76
ab,7.277,2.534,77
ab,7.355,2.914,78
ab,7.355,3.365,79
ab,7.355,3.418,80
ab,7.474,4.018,81
ab,7.474,3.407,82
ab,7.474,3.863,83
ab,7.567,3.376,84
ab,7.567,3.517,85
ab,7.567,2.708,86
ab,7.567,2.402,87
ab,7.567,2.454,88
ab,7.567,2.692,89
ab,7.567,2.629,90
ab,7.567,2.671,91
ab,7.567,3.344,92
ab,7.567,2.555,93
ab,7.567,3.485,94
ab,10.165,3.602,95
ab,10.165,3.382,96
ab,10.165,3.908,97
ab,10.165,3.776,98
ab,10.165,3.847,99
ab,2.742,2.2,0
ab,2.747,2.076,1
ab,2.798,2.226,2
ab,2.798,2.053,3
ab,3.963,2.061,4
ab,3.963,2.196,5
ab,3.963,2.203,6
ab,3.963,2.383,7
ab,3.963,2.159,8
ab,3.963,2.194,9
ab,3.963,2.245,10
ab,3.963,2.274,11
ab,3.963,2.127,12
ab,5.949,2.642,13
ab,5.949,2.67,14
ab,5.949,2.829,15
ab,5.949,2.6,16
ab,6.471,2.504,17
ab,6.471,3.033,18
ab,6.471,2.746,19
ab,6.471,2.66,20
ab,6.471,2.35,21
ab,6.471,2.792,22
ab,6.471,2.874,23
ab,6.471,2.58,24
ab,6.501,2.445,25
ab,6.501,2.18,26
ab,6.501,2.295,27
ab,6.501,2.632,28
ab,6.513,2.749,29
ab,6.513,2.724,30
ab,6.513,2.984,31
ab,6.587,3.307,32
ab,6.587,3.13,33
ab,6.587,2.715,34
ab,6.603,3.277,35
ab,6.823,2.866,36
ab,6.823,3.221,37
ab,6.823,3.516,38
ab,6.886,2.744,39
ab,6.886,2.95,40
ab,6.886,3.254,41
ab,6.886,2.9,42
ab,7.016,2.966,43
ab,7.016,2.778,44
ab,7.016,2.936,45
ab,7.016,3.259,46
ab,7.016,2.839,47
ab,7.236,3.021,48
ab,7.294,2.853,49
ab,7.608,3.615,50
ab,7.608,3.007,51
ab,7.697,3.23,52
ab,7.697,3.477,53
ab,8.225,3.699,54
ab,8.259,3.344,55
ab,8.259,3.561,56
ab,8.368,3.901,57
ab,8.368,3.583,58
ab,8.368,3.606,59
ab,8.368,3.127,60
ab,8.473,3.168,61
ab,8.473,3.356,62
ab,8.473,3.802,63
ab,8.473,3.232,64
ab,8.473,3.733,65
ab,8.626,4.122,66
ab,8.626,2.865,67
ab,8.626,3.327,68
ab,8.626,3.503,69
ab,8.626,3.647,70
ab,8.626,4.031,71
ab,8.626,3.078,72
ab,8.626,3.371,73
ab,8.626,3.319,74
ab,8.626,3.322,75
ab,8.626,3.324,76
ab,8.626,3.131,77
ab,8.626,3.555,78
ab,8.849,3.114,79
ab,8.849,4.078,80
ab,8.849,3.747,81
ab,8.849,2.494,82
ab,8.849,3.572,83
ab,8.849,2.551,84
ab,8.849,3.92,85
ab,8.849,4.591,86
ab,8.849,3.877,87
ab,8.908,4.164,88
ab,8.908,3.176,89
ab,8.908,3.354,90
ab,8.908,4.173,91
ab,8.908,3.385,92
ab,8.908,2.933,93
ab,8.908,2.579,94
ab,9.015,4.313,95
ab,9.015,3.192,96
ab,9.015,3.922,97
ab,9.015,3.775,98
ab,9.015,4.0,99
ab,2.77,2.125,0
ab,4.961,2.188,1
ab,4.961,2.422,2
ab,4.961,2.283,3
ab,4.961,2.397,4
ab,4.961,2.625,5
ab,4.961,2.362,6
ab,4.961,2.296,7
ab,5.263,2.554,8
ab,5.263,2.589,9
ab,5.263,2.564,10
ab,5.263,2.858,11
ab,5.263,2.397,12
ab,5.457,2.719,13
ab,5.497,2.726,14
ab,5.497,2.777,15
ab,5.564,2.9,16
ab,5.564,2.501,17
ab,5.948,2.831,18
ab,5.948,2.48,19
ab,5.948,2.276,20
ab,5.948,2.724,21
ab,7.268,2.871,22
ab,7.268,3.053,23
ab,7.268,2.939,24
ab,7.489,3.232,25
ab,7.687,3.198,26
ab,7.687,3.317,27
ab,7.687,2.937,28
ab,8.026,3.129,29
ab,8.026,2.868,30
ab,8.026,3.013,31
ab,8.026,2.409,32
ab,8.026,2.372,33
ab,8.026,2.712,34
ab,8.026,2.717,35
ab,8.026,2.968,36
ab,8.026,2.9,37
ab,8.074,2.899,38
ab,8.074,3.095,39
ab,8.074,2.64,40
ab,8.074,2.368,41
ab,8.074,2.697,42
ab,8.074,3.139,43
ab,8.074,2.892,44
ab,8.311,2.866,45
ab,8.311,3.219,46
ab,8.311,2.552,47
ab,8.311,3.031,48
ab,8.311,2.804,49
ab,8.311,2.731,50
ab,8.311,2.864,51
ab,8.311,2.949,52
ab,8.311,2.515,53
ab,8.311,2.789,54
ab,8.311,3.08,55
ab,8.311,2.808,56
ab,8.311,2.347,57
ab,8.311,3.172,58
ab,8.311,3.297,59
ab,8.311,2.879,60
ab,8.311,3.134,61
ab,8.311,3.618,62
ab,8.311,3.013,63
ab,8.311,3.097,64
ab,8.311,2.803,65
ab,8.311,3.287,66
ab,8.311,2.477,67
ab,8.311,2.854,68
ab,8.311,2.953,69
ab,8.311,2.53,70
ab,8.311,3.202,71
ab,8.311,2.719,72
ab,8.311,2.909,73
ab,8.311,2.969,74
ab,8.311,2.849,75
ab,8.311,2.741,76
ab,8.311,2.552,77
ab,8.311,2.645,78
ab,8.311,2.834,79
ab,8.311,3.389,80
ab,8.311,3.736,81
ab,8.311,3.18,82
ab,8.486,3.578,83
ab,8.486,3.047,84
ab,8.486,2.547,85
ab,8.486,2.555,86
ab,8.512,2.72,87
ab,8.512,2.477,88
ab,8.512,2.817,89
ab,8.512,3.145,90
ab,8.512,3.485,91
ab,8.512,3.472,92
ab,8.512,4.386,93
ab,8.512,2.773,94
ab,8.512,2.536,95
ab,8.512,2.724,96
ab,8.512,3.632,97
ab,8.512,2.736,98
ab,8.512,3.111,99
ac,3.123,2.087,0
ac,3.123,2.188,1
ac,3.749,2.26,2
ac,5.109,2.377,3
ac,5.109,2.465,4
ac,5.34,2.556,5
ac,5.34,2.511,6
ac,5.34,2.564,7
ac,5.569,2.346,8
ac,5.825,2.734,9
ac,5.825,2.752,10
ac,5.825,2.902,11
ac,5.825,2.152,12
ac,6.955,2.909,13
ac,6.955,2.728,14
ac,6.955,3.028,15
ac,6.955,2.501,16
ac,6.955,2.715,17
ac,8.179,2.89,18
ac,8.179,2.513,19
ac,8.179,2.907,20
ac,8.179,3.05,21
ac,8.179,3.151,22
ac,8.179,3.1,23
ac,8.179,2.951,24
ac,8.179,2.522,25
ac,8.179,2.98,26
ac,8.179,2.755,27
ac,8.179,3.236,28
ac,8.179,3.109,29
ac,8.179,2.849,30
ac,8.179,2.607,31
ac,8.179,2.89,32
ac,8.179,3.114,33
ac,8.179,3.011,34
ac,8.179,2.8,35
ac,8.179,2.742,36
ac,8.179,2.581,37
ac,8.179,2.944,38
ac,8.179,2.803,39
ac,8.179,3.221,40
ac,8.179,3.279,41
ac,8.179,2.982,42
ac,8.179,3.075,43
ac,8.179,3.098,44
ac,8.179,2.897,45
ac,8.179,3.036,46
ac,8.179,2.762,47
ac,8.179,2.7,48
ac,8.179,2.958,49
ac,8.179,3.238,50
ac,8.179,2.83,51
ac,8.179,2.781,52
ac,8.179,2.956,53
ac,8.179,2.662,54
ac,8.179,3.076,55
ac,8.179,2.665,56
ac,8.179,2.891,57
ac,8.179,3.015,58
ac,8.179,2.934,59
ac,8.179,2.929,60
ac,8.179,2.85,61
ac,8.179,2.745,62
ac,8.179,2.814,63
ac,8.179,2.64,64
ac,8.179,2.589,65
ac,8.179,2.722,66
ac,8.179,2.947,67
ac,8.179,3.139,68
ac,8.179,2.758,69
ac,8.179,2.937,70
ac,8.179,3.103,71
ac,8.179,3.003,72
ac,8.179,2.883,73
ac,8.179,3.265,74
ac,8.179,3.141,75
ac,8.179,3.451,76
ac,8.179,3.508,77
ac,8.179,3.072,78
ac,8.179,2.954,79
ac,8.179,2.732,80
ac,8.179,3.152,81
ac,8.179,3.156,82
ac,8.179,2.953,83
ac,8.85,2.955,84
ac,8.85,2.564,85
ac,8.85,2.568,86
ac,8.85,2.884,87
ac,8.85,2.912,88
ac,8.85,2.581,89
ac,8.85,2.575,90
ac,8.85,2.687,91
ac,8.85,2.757,92
ac,8.85,2.331,93
ac,8.85,2.418,94
ac,8.85,2.465,95
ac,8.85,2.561,96
ac,8.85,2.939,97
ac,8.85,2.883,98
ac,8.85,2.986,99
ac,4.567,2.268,0
ac,4.567,2.119,1
ac,5.24,2.271,2
ac,5.24,2.466,3
ac,5.24,2.371,4
ac,5.24,2.101,5
ac,5.24,2.342,6
ac,5.24,2.506,7
ac,5.24,2.521,8
ac,5.962,2.463,9
ac,5.962,2.455,10
ac,5.962,2.434,11
ac,5.962,2.286,12
ac,5.962,2.277,13
ac,5.962,2.382,14
ac,5.962,2.26,15
ac,5.962,2.414,16
ac,5.962,2.575,17
ac,5.962,2.702,18
ac,5.962,2.737,19
ac,5.962,2.578,20
ac,5.962,2.656,21
ac,5.962,2.752,22
ac,5.962,2.491,23
ac,5.962,2.739,24
ac,5.962,2.818,25
ac,5.962,2.713,26
ac,5.962,2.723,27
ac,5.962,2.851,28
ac,6.382,2.75,29
ac,6.382,2.667,30
ac,6.382,2.788,31
ac,6.382,2.781,32
ac,6.382,2.523,33
ac,6.382,2.716,34
ac,6.382,2.355,35
ac,6.382,2.308,36
ac,6.382,2.518,37
ac,6.382,2.48,38
ac,7.129,2.545,39
ac,7.129,2.17,40
ac,7.129,2.466,41
ac,7.129,2.775,42
ac,7.129,2.556,43
ac,7.129,2.652,44
ac,7.129,2.789,45
ac,7.129,3.225,46
ac,7.129,2.991,47
ac,7.129,2.745,48
ac,7.629,2.838,49
ac,7.629,2.941,50
ac,7.629,2.706,51
ac,7.629,2.85,52
ac,7.629,2.722,53
ac,7.629,2.609,54
ac,7.629,2.631,55
ac,7.629,2.442,56
ac,7.629,2.535,57
ac,7.629,2.469,58
ac,7.629,2.402,59
ac,7.629,2.489,60
ac,7.629,2.42,61
ac,7.629,2.701,62
ac,7.629,2.676,63
ac,7.629,2.513,64
ac,7.629,2.384,65
ac,7.629,2.703,66
ac,7.629,3.278,67
ac,7.629,3.258,68
ac,7.629,3.082,69
ac,7.629,2.777,70
ac,7.629,2.736,71
ac,7.629,2.667,72
ac,7.629,2.578,73
ac,7.629,2.683,74
ac,7.629,3.183,75
ac,7.629,3.262,76
ac,7.629,3.501,77
ac,7.629,3.118,78
ac,7.629,3.166,79
ac,7.629,2.904,80
ac,7.629,2.676,81
ac,7.629,2.594,82
ac,7.629,2.705,83
ac,7.629,2.561,84
ac,7.629,2.847,85
ac,7.629,2.741,86
ac,7.629,3.076,87
ac,7.629,2.804,88
ac,7.629,2.826,89
ac,7.629,2.627,90
ac,7.629,2.703,91
ac,7.629,2.669,92
ac,7.629,2.662,93
ac,9.414,3.411,94
ac,9.418,3.81,95
ac,9.418,3.421,96
ac,9.576,3.631,97
ac,9.729,3.112,98
ac,9.729,3.487,99
ac,4.615,2.282,0
ac,4.615,2.236,1
ac,4.615,2.171,2
ac,5.759,2.233,3
ac,5.759,2.327,4
ac,5.759,2.471,5
ac,5.759,2.119,6
ac,5.94,2.436,7
ac,5.94,2.28,8
ac,5.94,2.732,9
ac,6.363,3.117,10
ac,6.363,2.478,11
ac,6.363,2.496,12
ac,6.363,2.509,13
ac,8.564,2.343,14
ac,8.564,2.22,15
ac,8.564,2.449,16
ac,8.564,2.269,17
ac,8.564,2.262,18
ac,8.564,2.085,19
ac,8.564,2.451,20
ac,8.564,2.314,21
ac,8.564,2.463,22
ac,8.564,2.625,23
ac,8.564,2.59,24
ac,8.564,2.729,25
ac,8.564,2.374,26
ac,8.564,2.432,27
ac,8.564,2.666,28
ac,8.564,2.502,29
ac,8.564,2.491,30
ac,8.564,2.841,31
ac,8.564,2.778,32
ac,8.564,2.813,33
ac,8.564,2.373,34
ac,8.564,2.592,35
ac,8.564,2.526,36
ac,8.564,2.798,37
ac,8.564,3.018,38
ac,8.564,2.673,39
ac,8.564,2.748,40
ac,8.564,2.422,41
ac,8.564,2.256,42
ac,8.564,2.582,43
ac,8.564,2.542,44
ac,8.564,3.28,45
ac,8.564,2.745,46
ac,8.564,2.336,47
ac,8.564,2.268,48
ac,8.647,2.497,49
ac,8.647,2.543,50
ac,8.647,2.437,51
ac,8.647,2.839,52
ac,11.243,3.216,53
ac,11.243,2.869,54
ac,12.755,3.266,55
ac,12.755,2.817,56
ac,12.755,2.411,57
ac,12.755,2.613,58
ac,12.755,2.97,59
ac,12.755,3.331,60
ac,12.755,4.299,61
ac,14.679,3.542,62
ac,14.679,4.138,63
ac,14.679,2.871,64
ac,14.679,2.908,65
ac,14.679,3.768,66
ac,14.679,3.901,67
ac,14.679,3.17,68
ac,14.679,3.255,69
ac,14.679,3.073,70
ac,14.679,2.871,71
ac,14.679,3.109,72
ac,14.679,3.295,73
ac,14.679,3.43,74
ac,14.679,2.571,75
ac,14.679,2.839,76
ac,14.679,2.605,77
ac,14.679,2.381,78
ac,14.679,2.295,79
ac,14.679,2.363,80
ac,14.679,2.65,81
ac,14.679,2.485,82
ac,14.679,3.241,83
ac,14.679,2.61,84
ac,14.679,3.311,85
ac,14.679,2.777,86
ac,14.679,2.378,87
ac,14.679,2.62,88
ac,14.679,2.602,89
ac,14.679,3.315,90
ac,14.679,2.627,91
ac,14.679,3.043,92
ac,14.679,2.893,93
ac,14.679,2.984,94
ac,14.679,2.896,95
ac,14.679,3.007,96
ac,14.679,2.726,97
ac,14.679,3.216,98
ac,14.679,3.154,99
ac,6.234,2.332,0
ac,6.234,2.314,1
ac,6.364,2.55,2
ac,6.592,2.529,3
ac,6.592,2.758,4
ac,6.592,2.584,5
ac,6.592,2.308,6
ac,6.592,2.402,7
ac,6.592,2.285,8
ac,6.592,2.098,9
ac,6.592,2.224,10
ac,6.734,2.472,11
ac,6.734,2.538,12
ac,6.734,2.325,13
ac,6.851,3.162,14
ac,6.851,2.655,15
ac,7.163,2.758,16
ac,7.163,2.536,17
ac,7.163,2.385,18
ac,7.163,2.522,19
ac,7.163,2.398,20
ac,7.458,2.643,21
ac,7.458,3.067,22
ac,7.458,3.423,23
ac,7.458,3.407,24
ac,7.458,2.79,25
ac,7.458,3.42,26
ac,7.458,3.046,27
ac,7.672,3.057,28
ac,7.672,2.921,29
ac,7.672,2.776,30
ac,7.672,2.659,31
ac,7.672,2.159,32
ac,7.672,2.319,33
ac,7.672,2.373,34
ac,7.672,2.762,35
ac,7.672,2.597,36
ac,7.672,2.604,37
ac,7.672,2.6,38
ac,7.672,2.923,39
ac,7.672,2.399,40
ac,7.672,2.962,41
ac,7.672,2.5,42
ac,7.672,2.323,43
ac,7.672,2.172,44
ac,7.672,2.348,45
ac,7.672,2.544,46
ac,7.672,2.126,47
ac,7.672,2.439,48
ac,7.672,2.411,49
ac,7.672,2.722,50
ac,7.672,2.443,51
ac,7.672,2.214,52
ac,7.672,2.874,53
ac,7.672,3.385,54
ac,7.672,2.803,55
ac,7.672,2.385,56
ac,7.672,2.42,57
ac,7.672,2.581,58
ac,7.672,2.312,59
ac,7.672,2.043,60
ac,7.672,2.147,61
ac,7.672,2.364,62
ac,7.672,2.583,63
ac,7.672,2.847,64
ac,7.672,2.457,65
ac,7.672,2.566,66
ac,7.672,2.476,67
ac,7.672,3.081,68
ac,7.672,3.062,69
ac,7.672,2.994,70
ac,7.672,3.273,71
ac,7.672,2.638,72
ac,7.672,2.44,73
ac,7.672,2.533,74
ac,7.672,2.549,75
ac,7.672,2.722,76
ac,7.672,2.688,77
ac,7.672,2.804,78
ac,7.672,2.497,79
ac,7.672,2.673,80
ac,7.672,2.469,81
ac,7.672,2.647,82
ac,7.672,2.992,83
ac,7.672,2.854,84
ac,7.672,2.277,85
ac,7.672,2.774,86
ac,7.672,2.943,87
ac,7.672,3.166,88
ac,7.672,2.649,89
ac,7.672,2.28,90
ac,7.672,2.894,91
ac,7.672,2.557,92
ac,7.672,2.784,93
ac,7.672,2.582,94
ac,7.672,2.94,95
ac,7.672,2.829,96
ac,7.672,2.589,97
ac,7.672,2.613,98
ac,7.672,2.217,99
ad,3.314,2.179,0
ad,5.379,2.223,1
ad,5.972,2.293,2
ad,5.972,2.31,3
ad,5.972,2.463,4
ad,5.972,2.395,5
ad,6.512,2.54,6
ad,6.512,2.419,7
ad,6.512,2.322,8
ad,6.512,2.254,9
ad,6.512,2.263,10
ad,6.512,2.42,11
ad,6.512,2.384,12
ad,7.044,2.54,13
ad,7.361,2.696,14
ad,7.361,2.454,15
ad,7.361,2.609,16
ad,7.361,2.691,17
ad,7.361,2.535,18
ad,7.361,2.454,19
ad,7.361,2.386,20
ad,7.361,2.354,21
ad,7.361,2.564,22
ad,7.361,2.611,23
ad,7.361,2.558,24
ad,7.361,2.826,25
ad,7.887,2.569,26
ad,7.887,2.447,27
ad,7.887,2.542,28
ad,7.887,2.683,29
ad,7.887,2.402,30
ad,7.887,2.613,31
ad,7.887,2.598,32
ad,7.887,2.605,33
ad,7.887,2.425,34
ad,7.887,2.322,35
ad,7.887,2.207,36
ad,7.887,2.26,37
ad,7.887,2.228,38
ad,7.887,2.531,39
ad,7.887,2.405,40
ad,7.887,2.264,41
ad,7.887,2.409,42
ad,7.887,2.217,43
ad,7.887,2.445,44
ad,7.887,2.613,45
ad,7.887,2.452,46
ad,7.887,2.548,47
ad,7.887,2.316,48
ad,7.887,2.416,49
ad,7.887,2.425,50
ad,7.887,2.583,51
ad,7.887,2.53,52
ad,7.978,2.66,53
ad,7.978,2.661,54
ad,8.143,2.68,55
ad,8.553,2.939,56
ad,8.553,2.644,57
ad,8.553,2.984,58
ad,8.553,3.043,59
ad,8.553,2.721,60
ad,8.553,2.927,61
ad,8.553,2.969,62
ad,8.553,2.777,63
ad,8.553,2.691,64
ad,8.553,2.285,65
ad,8.553,2.434,66
ad,8.553,2.787,67
ad,8.553,2.906,68
ad,8.553,2.936,69
ad,8.553,3.045,70
ad,8.553,2.724,71
ad,8.553,2.419,72
ad,8.553,2.286,73
ad,8.553,2.602,74
ad,8.553,2.786,75
ad,8.553,2.522,76
ad,8.553,2.748,77
ad,8.553,2.689,78
ad,8.553,2.727,79
ad,8.553,2.731,80
ad,8.858,2.793,81
ad,8.858,2.692,82
ad,8.858,2.937,83
ad,8.858,2.933,84
ad,8.858,2.834,85
ad,8.858,2.363,86
ad,8.858,2.653,87
ad,8.858,2.682,88
ad,8.858,2.475,89
ad,8.858,2.258,90
ad,8.858,2.36,91
ad,8.858,2.648,92
ad,8.858,2.395,93
ad,8.858,2.383,94
ad,8.858,2.398,95
ad,8.858,2.304,96
ad,8.858,2.278,97
ad,8.858,2.356,98
ad,8.858,2.291,99
ad,4.757,2.267,0
ad,4.757,2.257,1
ad,4.892,2.298,2
ad,5.717,2.336,3
ad,5.717,2.305,4
ad,5.717,2.208,5
ad,5.717,2.074,6
ad,5.717,2.101,7
ad,5.855,2.225,8
ad,5.855,2.32,9
ad,5.855,2.293,10
ad,5.855,2.403,11
ad,5.855,2.506,12
ad,5.855,2.53,13
ad,6.712,2.486,14
ad,6.712,2.476,15
ad,6.712,2.373,16
ad,6.712,2.393,17
ad,6.712,2.519,18
ad,6.712,2.393,19
ad,6.712,2.486,20
ad,6.712,2.455,21
ad,6.712,2.531,22
ad,6.712,2.579,23
ad,9.066,2.525,24
ad,9.066,2.849,25
ad,9.066,2.931,26
ad,10.062,3.055,27
ad,10.062,3.235,28
ad,10.209,3.319,29
ad,10.604,3.257,30
ad,10.604,3.078,31
ad,10.604,2.875,32
ad,10.671,3.203,33
ad,10.671,3.061,34
ad,10.671,2.942,35
ad,10.671,3.309,36
ad,10.671,2.824,37
ad,10.671,3.181,38
ad,10.671,2.664,39
ad,10.671,2.636,40
ad,10.671,3.079,41
ad,10.671,3.009,42
ad,10.671,2.837,43
ad,10.671,2.563,44
ad,10.671,2.508,45
ad,10.671,3.043,46
ad,10.671,3.017,47
ad,10.671,2.642,48
ad,10.671,2.88,49
ad,10.671,3.467,50
ad,10.671,3.375,51
ad,10.671,3.211,52
ad,10.671,3.245,53
ad,10.671,3.305,54
ad,10.671,3.395,55
ad,10.671,3.637,56
ad,10.672,3.666,57
ad,10.779,2.882,58
ad,10.988,2.941,59
ad,10.988,2.927,60
ad,10.988,2.625,61
ad,10.988,2.579,62
ad,10.988,2.77,63
ad,10.988,2.969,64
ad,10.988,3.004,65
ad,10.988,3.196,66
ad,11.2,3.088,67
ad,11.2,3.276,68
ad,11.2,3.479,69
ad,11.2,3.531,70
ad,11.2,3.568,71
ad,11.2,4.069,72
ad,11.2,2.903,73
ad,11.765,3.194,74
ad,11.765,3.213,75
ad,11.765,3.081,76
ad,11.765,3.393,77
ad,11.765,3.447,78
ad,11.765,3.439,79
ad,11.765,3.76,80
ad,11.765,3.62,81
ad,11.765,3.767,82
ad,11.765,3.631,83
ad,11.765,3.386,84
ad,12.066,3.835,85
ad,12.066,3.721,86
ad,12.066,4.019,87
ad,12.066,3.96,88
ad,12.066,3.499,89
ad,12.066,3.368,90
ad,12.066,3.041,91
ad,12.066,3.231,92
ad,12.066,3.39,93
ad,12.066,3.232,94
ad,12.066,3.473,95
ad,12.066,3.222,96
ad,12.066,3.446,97
ad,12.066,3.109,98
ad,12.066,2.961,99
ad,4.159,2.183,0
ad,7.313,2.352,1
ad,7.313,2.254,2
ad,7.313,2.29,3
ad,7.637,2.455,4
ad,7.637,2.359,5
ad,7.637,2.342,6
ad,7.637,2.305,7
ad,7.762,2.467,8
ad,7.762,2.246,9
ad,7.762,2.478,10
ad,7.762,2.594,11
ad,7.762,2.683,12
ad,7.762,2.595,13
ad,7.762,2.694,14
ad,7.762,2.569,15
ad,7.78,2.312,16
ad,7.78,2.192,17
ad,7.78,2.303,18
ad,8.992,2.543,19
ad,8.992,2.478,20
ad,8.992,2.831,21
ad,8.992,2.471,22
ad,8.992,2.371,23
ad,8.992,2.603,24
ad,8.992,2.483,25
ad,8.992,2.858,26
ad,8.992,2.682,27
ad,8.992,2.485,28
ad,8.992,2.562,29
ad,8.992,2.74,30
ad,8.992,2.787,31
ad,9.195,2.546,32
ad,9.195,2.655,33
ad,9.195,2.807,34
ad,9.195,2.719,35
ad,9.195,2.544,36
ad,9.195,2.459,37
ad,9.195,2.521,38
ad,9.195,2.682,39
ad,9.195,2.39,40
ad,9.195,2.286,41
ad,9.195,2.405,42
ad,9.195,2.529,43
ad,9.195,2.574,44
ad,9.195,2.413,45
ad,9.195,2.61,46
ad,9.195,2.406,47
ad,9.195,2.788,48
ad,9.339,2.86,49
ad,9.339,2.896,50
ad,9.339,2.573,51
ad,9.339,2.522,52
ad,9.339,3.035,53
ad,9.547,2.832,54
ad,9.547,2.879,55
ad,9.547,3.147,56
ad,9.547,2.768,57
ad,10.226,2.814,58
ad,10.226,2.844,59
ad,10.226,2.505,60
ad,10.226,2.596,61
ad,10.226,2.743,62
ad,10.226,2.996,63
ad,10.226,2.584,64
ad,10.226,2.677,65
ad,10.226,2.42,66
ad,10.226,2.448,67
ad,10.226,2.461,68
ad,10.226,2.514,69
ad,10.226,2.528,70
ad,10.226,2.617,71
ad,10.226,2.581,72
ad,10.226,2.798,73
ad,10.226,2.368,74
ad,10.226,2.604,75
ad,10.226,2.473,76
ad,10.226,2.64,77
ad,10.226,2.605,78
ad,10.226,2.585,79
ad,10.226,2.645,80
ad,10.226,2.687,81
ad,10.226,2.508,82
ad,10.226,2.41,83
ad,10.226,2.773,84
ad,10.226,2.998,85
ad,10.226,2.766,86
ad,10.226,2.717,87
ad,10.226,2.764,88
ad,10.226,2.955,89
ad,10.226,2.774,90
ad,10.226,2.487,91
ad,10.226,2.478,92
ad,10.226,2.366,93
ad,10.226,2.444,94
ad,10.226,2.669,95
ad,10.226,3.038,96
ad,10.226,3.285,97
ad,10.226,2.998,98
ad,10.226,3.298,99
ad,5.486,2.175,0
ad,5.549,2.44,1
ad,5.549,2.385,2
ad,5.549,2.343,3
ad,5.549,2.283,4
ad,5.549,2.265,5
ad,5.738,2.424,6
ad,5.783,2.261,7
ad,8.479,2.457,8
ad,8.479,2.666,9
ad,8.871,2.45,10
ad,9.543,2.559,11
ad,9.543,2.415,12
ad,9.543,2.724,13
ad,9.543,2.718,14
ad,9.543,2.776,15
ad,9.543,2.819,16
ad,9.543,3.13,17
ad,9.783,3.456,18
ad,9.783,3.123,19
ad,9.783,3.307,20
ad,9.783,3.469,21
ad,9.783,3.679,22
ad,9.783,3.343,23
ad,9.989,3.338,24
ad,9.989,3.052,25
ad,9.989,3.272,26
ad,9.989,3.203,27
ad,9.989,3.091,28
ad,9.989,3.223,29
ad,9.989,3.577,30
ad,9.989,3.135,31
ad,9.989,2.937,32
ad,9.989,3.144,33
ad,9.989,3.254,34
ad,9.989,3.101,35
ad,9.989,3.031,36
ad,9.989,3.452,37
ad,10.157,3.925,38
ad,10.157,3.393,39
ad,10.157,3.861,40
ad,10.157,4.247,41
ad,10.157,4.211,42
ad,10.157,4.852,43
ad,10.157,5.063,44
ad,10.157,4.777,45
ad,10.157,4.419,46
ad,10.157,4.252,47
ad,10.157,4.909,48
ad,10.214,4.648,49
ad,10.214,4.012,50
ad,10.214,4.623,51
ad,10.214,4.758,52
ad,10.584,4.416,53
ad,10.584,4.356,54
ad,10.584,4.617,55
ad,10.584,4.627,56
ad,10.824,5.525,57
ad,10.824,4.774,58
ad,10.824,4.179,59
ad,10.824,4.363,60
ad,10.824,4.835,61
ad,10.824,4.279,62
ad,10.824,4.326,63
ad,11.168,4.674,64
ad,11.168,4.937,65
ad,11.168,4.174,66
ad,11.168,4.294,67
ad,11.168,4.081,68
ad,11.168,4.069,69
ad,11.168,4.659,70
ad,11.168,3.969,71
ad,11.168,4.441,72
ad,11.168,3.663,73
ad,11.168,4.44,74
ad,11.168,4.515,75
ad,11.168,4.121,76
ad,11.168,4.138,77
ad,11.168,4.455,78
ad,11.168,3.793,79
ad,11.293,4.025,80
ad,11.293,4.628,81
ad,11.356,4.069,82
ad,11.356,4.077,83
ad,11.356,3.907,84
ad,11.356,4.064,85
ad,11.356,3.796,86
ad,11.356,4.191,87
ad,11.356,3.941,88
ad,11.367,3.587,89
ad,11.367,3.517,90
ad,11.367,3.613,91
ad,11.367,4.416,92
ad,11.367,3.738,93
ad,11.367,3.95,94
ad,11.367,3.767,95
ad,11.367,3.998,96
ad,11.367,3.913,97
ad,11.367,3.9,98
ad,11.439,4.124,99
ad,4.985,2.165,0
ad,6.506,2.335,1
ad,6.506,2.383,2
ad,6.943,2.394,3
ad,8.752,2.654,4
ad,8.752,2.9,5
ad,8.752,2.896,6
ad,8.752,2.745,7
ad,8.752,2.554,8
ad,8.752,2.605,9
ad,8.752,2.668,10
ad,8.752,3.267,11
ad,8.752,3.534,12
ad,8.752,3.519,13
ad,8.752,3.384,14
ad,8.752,3.55,15
ad,8.752,3.711,16
ad,8.752,4.27,17
ad,8.752,4.049,18
ad,8.752,4.647,19
ad,8.752,4.363,20
ad,8.752,4.594,21
ad,8.752,4.004,22
ad,8.752,4.027,23
ad,8.752,4.19,24
ad,8.752,4.055,25
ad,8.752,3.652,26
ad,8.752,4.002,27
ad,8.752,4.057,28
ad,8.752,4.096,29
ad,8.752,4.174,30
ad,8.752,4.452,31
ad,8.752,4.177,32
ad,9.423,4.866,33
ad,9.423,4.109,34
ad,9.423,4.238,35
ad,9.423,4.218,36
ad,9.423,4.192,37
ad,9.423,3.631,38
ad,9.423,4.401,39
ad,9.423,4.077,40
ad,9.423,4.605,41
ad,9.423,4.232,42
ad,9.423,4.56,43
ad,9.423,4.337,44
ad,9.423,4.055,45
ad,9.423,3.848,46
ad,9.423,3.276,47
ad,9.423,3.631,48
ad,9.423,3.293,49
ad,9.423,3.515,50
ad,9.558,3.989,51
ad,9.558,3.608,52
ad,9.558,3.553,53
ad,9.558,3.501,54
ad,9.558,3.534,55
ad,9.558,3.672,56
ad,9.558,3.773,57
ad,9.558,3.434,58
ad,9.558,3.238,59
ad,9.558,3.94,60
ad,9.558,3.011,61
ad,9.558,3.317,62
ad,9.558,3.116,63
ad,9.558,3.361,64
ad,9.558,2.997,65
ad,9.558,3.243,66
ad,9.558,3.026,67
ad,9.558,3.313,68
ad,9.558,3.368,69
ad,9.558,3.277,70
ad,9.558,3.299,71
ad,9.558,3.198,72
ad,9.558,3.17,73
ad,9.558,3.426,74
ad,9.558,3.098,75
ad,9.558,2.873,76
ad,9.558,2.913,77
ad,9.558,3.595,78
ad,9.558,3.398,79
ad,9.558,3.655,80
ad,9.558,3.517,81
ad,9.558,3.918,82
ad,9.558,3.212,83
ad,9.558,3.729,84
ad,9.558,3.851,85
ad,9.558,3.792,86
ad,9.558,3.534,87
ad,9.558,3.449,88
ad,9.558,3.53,89
ad,9.558,3.082,90
ad,9.558,3.947,91
ad,9.558,3.514,92
ad,9.673,3.293,93
ad,9.688,4.222,94
ad,9.797,4.22,95
ad,9.865,3.844,96
ad,9.945,3.513,97
ad,9.972,4.198,98
ad,9.983,3.388,99
ae,6.345,2.258,0
ae,6.345,2.214,1
ae,6.361,2.236,2
ae,6.566,2.407,3
ae,7.068,2.43,4
ae,7.068,2.512,5
ae,7.068,2.434,6
ae,7.068,2.431,7
ae,7.068,2.488,8
ae,8.036,2.554,9
ae,8.036,2.614,10
ae,8.036,2.594,11
ae,8.036,2.835,12
ae,8.174,2.582,13
ae,8.235,2.94,14
ae,8.235,2.964,15
ae,8.31,3.07,16
ae,8.406,3.066,17
ae,8.571,3.106,18
ae,8.571,3.209,19
ae,8.641,3.375,20
ae,8.641,3.225,21
ae,8.641,3.039,22
ae,8.644,3.344,23
ae,8.644,3.155,24
ae,8.644,3.02,25
ae,8.644,3.351,26
ae,8.644,3.238,27
ae,9.0,3.307,28
ae,9.0,3.497,29
ae,9.0,3.415,30
ae,9.104,3.221,31
ae,9.857,3.341,32
ae,9.857,3.51,33
ae,9.857,3.522,34
ae,9.857,3.452,35
ae,10.203,3.561,36
ae,10.203,3.685,37
ae,10.203,3.381,38
ae,10.203,3.339,39
ae,10.203,3.318,40
ae,10.203,3.604,41
ae,10.203,3.463,42
ae,10.203,3.551,43
ae,10.459,3.858,44
ae,10.459,3.904,45
ae,11.066,4.005,46
ae,11.066,3.666,47
ae,11.066,3.534,48
ae,11.066,3.424,49
ae,11.066,3.661,50
ae,11.066,3.644,51
ae,11.066,3.58,52
ae,11.066,3.778,53
ae,11.066,3.558,54
ae,11.066,3.76,55
ae,11.066,3.731,56
ae,11.066,3.771,57
ae,11.066,3.655,58
ae,11.066,3.693,59
ae,11.066,3.614,60
ae,11.066,3.423,61
ae,11.066,3.452,62
ae,11.066,3.332,63
ae,11.066,3.156,64
ae,11.066,3.259,65
ae,11.066,3.405,66
ae,11.066,3.301,67
ae,11.066,3.314,68
ae,11.066,3.793,69
ae,11.066,3.78,70
ae,11.066,3.607,71
ae,11.066,3.626,72
ae,11.066,3.751,73
ae,11.066,3.727,74
ae,11.066,3.673,75
ae,11.066,3.453,76
ae,11.066,3.332,77
ae,11.066,3.859,78
ae,11.066,3.823,79
ae,11.066,3.621,80
ae,11.066,3.416,81
ae,11.066,3.604,82
ae,11.066,3.701,83
ae,11.066,3.774,84
ae,11.225,3.762,85
ae,11.225,3.587,86
ae,11.225,3.604,87
ae,11.225,3.531,88
ae,11.225,3.575,89
ae,11.225,3.605,90
ae,11.225,4.171,91
ae,11.225,4.028,92
ae,11.225,4.24,93
ae,11.225,4.326,94
ae,11.225,4.375,95
ae,11.225,4.187,96
ae,11.225,4.276,97
ae,11.225,3.992,98
ae,11.225,3.925,99
ae,5.463,2.21,0
ae,5.585,2.223,1
ae,5.585,2.206,2
ae,5.585,2.287,3
ae,8.468,2.351,4
ae,8.468,2.413,5
ae,8.5,2.486,6
ae,8.584,2.379,7
ae,9.079,2.508,8
ae,9.079,2.644,9
ae,9.079,2.622,10
ae,9.079,2.796,11
ae,9.581,2.89,12
ae,9.581,2.894,13
ae,9.594,2.894,14
ae,10.041,3.025,15
ae,10.041,3.182,16
ae,10.041,3.069,17
ae,10.041,3.419,18
ae,10.041,3.438,19
ae,10.565,3.254,20
ae,10.565,2.845,21
ae,10.565,3.444,22
ae,10.565,3.57,23
ae,10.565,3.234,24
ae,10.565,3.104,25
ae,10.565,3.092,26
ae,10.565,2.973,27
ae,10.565,3.043,28
ae,10.86,3.328,29
ae,10.86,3.095,30
ae,10.86,3.151,31
ae,10.86,3.476,32
ae,10.86,3.252,33
ae,10.86,2.918,34
ae,11.566,3.373,35
ae,11.566,3.333,36
ae,11.566,3.312,37
ae,11.742,3.593,38
ae,11.742,3.192,39
ae,11.742,3.054,40
ae,11.742,3.301,41
ae,11.742,2.962,42
ae,11.742,3.173,43
ae,11.742,2.944,44
ae,11.742,3.255,45
ae,11.742,3.092,46
ae,11.742,3.295,47
ae,11.742,3.277,48
ae,11.742,3.231,49
ae,11.742,2.806,50
ae,11.742,2.829,51
ae,11.742,3.096,52
ae,11.742,3.141,53
ae,11.742,2.935,54
ae,11.742,2.901,55
ae,11.742,2.923,56
ae,11.742,3.043,57
ae,11.742,3.019,58
ae,11.742,3.07,59
ae,11.742,3.019,60
ae,11.742,3.248,61
ae,11.742,3.155,62
ae,11.742,3.347,63
ae,11.742,3.021,64
ae,11.742,3.015,65
ae,11.742,2.909,66
ae,11.742,2.817,67
ae,11.742,2.823,68
ae,11.742,3.013,69
ae,11.742,3.02,70
ae,11.742,3.043,71
ae,11.742,2.936,72
ae,11.742,3.023,73
ae,11.742,2.885,74
ae,11.742,2.955,75
ae,11.742,2.834,76
ae,11.742,3.11,77
ae,11.742,3.185,78
ae,11.742,3.172,79
ae,11.742,3.273,80
ae,11.742,3.041,81
ae,11.742,3.009,82
ae,12.009,3.04,83
ae,12.009,3.207,84
ae,12.009,3.276,85
ae,12.009,3.309,86
ae,12.009,3.245,87
ae,12.009,3.575,88
ae,12.009,3.49,89
ae,12.009,3.413,90
ae,12.009,3.231,91
ae,12.009,3.337,92
ae,12.009,3.302,93
ae,12.605,3.369,94
ae,12.605,3.416,95
ae,12.605,3.036,96
ae,12.605,3.193,97
ae,12.605,3.545,98
ae,12.605,3.402,99
ae,4.866,2.153,0
ae,5.232,2.229,1
ae,5.232,2.159,2
ae,6.11,2.261,3
ae,6.11,2.219,4
ae,6.41,2.419,5
ae,6.724,2.395,6
ae,7.138,2.453,7
ae,7.138,2.518,8
ae,7.138,2.481,9
ae,7.398,2.525,10
ae,7.398,2.477,11
ae,7.398,2.556,12
ae,7.52,2.606,13
ae,7.645,2.56,14
ae,7.645,2.46,15
ae,7.981,2.616,16
ae,7.981,2.748,17
ae,7.981,2.808,18
ae,8.469,2.87,19
ae,8.469,2.759,20
ae,8.469,2.707,21
ae,8.469,3.124,22
ae,8.469,2.96,23
ae,8.469,3.01,24
ae,8.469,2.973,25
ae,8.469,2.89,26
ae,8.469,3.141,27
ae,8.469,3.078,28
ae,8.469,2.913,29
ae,8.498,3.011,30
ae,8.498,3.166,31
ae,8.56,3.024,32
ae,8.56,3.199,33
ae,8.56,3.087,34
ae,8.56,2.891,35
ae,8.56,3.014,36
ae,8.56,3.105,37
ae,8.56,3.096,38
ae,8.56,3.261,39
ae,8.56,3.143,40
ae,8.56,3.234,41
ae,8.56,3.011,42
ae,8.56,3.004,43
ae,8.56,3.237,44
ae,8.56,2.967,45
ae,8.56,3.318,46
ae,8.56,3.265,47
ae,8.56,3.247,48
ae,8.56,3.089,49
ae,8.56,2.864,50
ae,8.56,2.883,51
ae,8.56,2.862,52
ae,8.56,3.015,53
ae,8.56,2.832,54
ae,8.56,2.919,55
ae,8.56,2.856,56
ae,8.56,3.106,57
ae,8.56,3.127,58
ae,8.56,2.867,59
ae,8.56,2.894,60
ae,8.56,2.779,61
ae,8.56,2.796,62
ae,8.56,2.706,63
ae,8.56,2.799,64
ae,8.56,2.694,65
ae,8.56,2.855,66
ae,8.56,2.981,67
ae,8.56,2.904,68
ae,8.56,2.937,69
ae,8.56,3.071,70
ae,8.56,2.993,71
ae,8.56,3.17,72
ae,8.56,3.013,73
ae,8.56,3.026,74
ae,8.704,3.036,75
ae,8.704,2.923,76
ae,8.704,2.898,77
ae,8.73,2.845,78
ae,9.219,3.051,79
ae,10.173,3.447,80
ae,10.173,3.43,81
ae,10.173,3.369,82
ae,10.173,3.69,83
ae,10.173,3.801,84
ae,10.173,3.83,85
ae,10.173,3.613,86
ae,10.173,3.863,87
ae,10.173,3.867,88
ae,10.173,4.101,89
ae,10.173,3.959,90
ae,10.173,3.989,91
ae,10.173,3.703,92
ae,10.173,3.97,93
ae,10.173,3.991,94
ae,10.173,4.396,95
ae,10.173,4.281,96
ae,10.173,4.27,97
ae,10.173,3.978,98
ae,10.173,4.69,99
ae,4.61,2.214,0
ae,7.468,2.358,1
ae,7.468,2.335,2
ae,7.468,2.321,3
ae,7.468,2.375,4
ae,7.468,2.42,5
ae,8.156,2.294,6
ae,8.156,2.342,7
ae,8.156,2.226,8
ae,8.156,2.268,9
ae,8.156,2.325,10
ae,8.734,2.442,11
ae,8.734,2.538,12
ae,8.734,2.877,13
ae,8.734,2.865,14
ae,8.734,2.937,15
ae,9.703,2.901,16
ae,9.711,3.48,17
ae,9.711,3.352,18
ae,9.828,3.422,19
ae,9.828,3.111,20
ae,9.828,3.138,21
ae,9.828,3.382,22
ae,9.828,3.165,23
ae,9.828,3.065,24
ae,9.828,2.902,25
ae,9.828,3.005,26
ae,9.925,2.879,27
ae,10.015,2.932,28
ae,10.015,3.461,29
ae,10.015,3.449,30
ae,10.015,3.455,31
ae,10.015,3.638,32
ae,10.015,3.704,33
ae,10.015,3.873,34
ae,10.015,3.664,35
ae,10.031,3.48,36
ae,10.031,3.262,37
ae,10.172,3.639,38
ae,10.172,3.776,39
ae,10.172,3.977,40
ae,10.172,3.599,41
ae,10.172,3.675,42
ae,10.172,3.775,43
ae,10.172,3.749,44
ae,10.172,3.586,45
ae,10.172,3.807,46
ae,10.172,3.26,47
ae,10.172,3.301,48
ae,10.172,3.546,49
ae,10.172,3.63,50
ae,10.172,3.791,51
ae,10.172,3.76,52
ae,10.172,3.446,53
ae,10.172,3.629,54
ae,10.195,3.681,55
ae,10.903,3.516,56
ae,10.903,3.742,57
ae,10.929,4.015,58
ae,10.929,3.854,59
ae,11.704,4.347,60
ae,11.704,4.12,61
ae,11.704,3.94,62
ae,11.704,3.73,63
ae,11.704,3.638,64
ae,11.704,3.646,65
ae,11.704,3.568,66
ae,11.704,3.699,67
ae,11.704,3.393,68
ae,11.704,3.307,69
ae,11.704,3.565,70
ae,11.704,3.493,71
ae,11.704,3.516,72
ae,11.704,3.66,73
ae,11.704,4.21,74
ae,12.569,3.758,75
ae,12.569,3.894,76
ae,12.569,3.755,77
ae,12.569,4.009,78
ae,12.569,4.093,79
ae,12.569,3.912,80
ae,12.569,4.202,81
ae,12.569,3.856,82
ae,12.569,4.039,83
ae,12.569,3.803,84
ae,12.587,3.811,85
ae,12.587,3.682,86
ae,12.587,3.762,87
ae,12.587,3.855,88
ae,12.59,3.903,89
ae,12.59,3.856,90
ae,12.59,4.321,91
ae,12.59,4.101,92
ae,12.59,4.366,93
ae,12.667,4.332,94
ae,12.667,4.212,95
ae,12.809,4.102,96
ae,12.809,4.186,97
ae,12.809,4.218,98
ae,12.809,3.974,99
ae,4.601,2.175,0
ae,6.2,2.301,1
ae,6.2,2.174,2
ae,6.2,2.318,3
ae,6.2,2.247,4
ae,6.2,2.347,5
ae,6.2,2.304,6
ae,6.2,2.349,7
ae,6.2,2.299,8
ae,6.2,2.411,9
ae,6.276,2.44,10
ae,6.276,2.48,11
ae,6.276,2.459,12
ae,6.276,2.451,13
ae,6.276,2.427,14
ae,6.276,2.437,15
ae,6.276,2.338,16
ae,6.686,2.497,17
ae,6.686,2.581,18
ae,6.755,2.431,19
ae,6.755,2.403,20
ae,6.755,2.564,21
ae,6.755,2.496,22
ae,6.755,2.556,23
ae,7.531,2.658,24
ae,7.531,2.471,25
ae,7.531,2.648,26
ae,7.531,2.709,27
ae,7.531,2.81,28
ae,7.531,2.753,29
ae,8.934,2.697,30
ae,8.934,2.708,31
ae,8.934,2.746,32
ae,8.934,2.843,33
ae,8.934,2.784,34
ae,8.934,2.684,35
ae,8.934,2.642,36
ae,8.934,2.703,37
ae,8.934,2.699,38
ae,8.934,2.644,39
ae,8.934,2.596,40
ae,8.934,2.701,41
ae,8.934,2.755,42
ae,8.934,2.708,43
ae,8.934,2.577,44
ae,8.934,2.835,45
ae,8.934,2.729,46
ae,8.934,2.661,47
ae,8.934,2.646,48
ae,8.934,2.622,49
ae,8.934,2.572,50
ae,8.934,2.688,51
ae,8.934,2.59,52
ae,8.934,2.788,53
ae,8.934,2.815,54
ae,8.934,2.572,55
ae,8.934,2.637,56
ae,8.934,2.757,57
ae,8.934,2.679,58
ae,8.934,2.872,59
ae,8.934,2.649,60
ae,8.934,2.561,61
ae,8.934,2.666,62
ae,8.934,2.78,63
ae,8.934,3.02,64
ae,8.934,3.0,65
ae,8.934,2.83,66
ae,8.934,2.859,67
ae,8.934,2.949,68
ae,8.934,2.955,69
ae,8.934,2.817,70
ae,8.934,2.921,71
ae,8.934,2.774,72
ae,8.934,2.796,73
ae,8.934,2.768,74
ae,8.934,2.524,75
ae,8.934,2.566,76
ae,8.934,2.547,77
ae,8.934,2.575,78
ae,8.934,2.68,79
ae,8.934,2.633,80
ae,8.934,2.528,81
ae,8.934,2.681,82
ae,8.934,2.708,83
ae,8.934,2.648,84
ae,8.934,2.849,85
ae,8.934,2.747,86
ae,8.934,2.675,87
ae,8.934,2.673,88
ae,8.934,2.632,89
ae,8.934,2.546,90
ae,8.934,2.647,91
ae,8.934,2.743,92
ae,8.934,2.613,93
ae,8.934,2.759,94
ae,8.934,2.795,95
ae,8.934,2.614,96
ae,8.934,2.58,97
ae,8.934,2.694,98
ae,8.934,2.689,99
